KMDWVVMRBNVVKKRBSYNWSYSNVKNKKKBVNMKVSRKVWNBBHSBNHHYDBRNBDYNB	1
CGTTGGAATTGATCCGGTATTGCTCGACACTACCTATGTACAATAAAAGTATCCAGAGTC	1
ATGAGGCGGAAAACGTTCAATCTTACTGATTTGAAGTCCGTTGAAGCGGGCCGTATCGAA	1
ATAGGCAATAAAATACGCTGTTAGGGCCAGGGGAACAAGAACTCACCATGACATATCCGC	1
CCCATCGTAAACATCGAAGTTAATAGTTTACAATCGGCGGTCGGGTAGCGACGCACGCAC	1
CGATTTTCCACTGGCGCATGGTACATTGTATAACCCCCTGTACATCACTGTGCTGAACAC	1
CGAAATCGGGCAGAAACCCCGCAGTCCTCTTTAAGCGCCATAGTGAGCTTCTCAACAAAA	1
ATAAGACTGTTAGTAAACGGCGCAACTGGCAATTGGCATAGGTTCGATGGCTTGCAGGTG	1
TAAAGAGCCATCCTGCTCACCGTATCCCGTTCGACCAAGTCTGCTACTTCTACGTCTTTG	1
GTGTCAGGTCAGCTAGAGAGCATACCCCGGCCAAGTTATAGCTCGGTGTCCAATTTGAAA	1
TCCAAGACAAGCAGCACACTTACTGCGACGCGCAATTAAGTGGACGCATGGTCTCAGTTG	1
AATAACTACATGCTCCTGTGTATGCTAAACTAGCTGGCACCCTGAGTGGAGCAGCGAAGG	1
CCAATTAAAGGCCGTTGGGTAGACAAACGTGAACGCCGCACGATTGGCTCGCATTGGCTA	1
GCTTCCACCTAACACAACGATTCAACACGGCAAGTAGGTCACGTAGGACAAAGGGGGTGA	1
GTACAAAAGGCAGGCCTGGTTTGGTACCGGTGATGTCCACGGGCTAAAGACTCCCCTAGT	1
CTGTGCAAGAGAGCGGGATGGTGCGTGGTCCCTAGCGCCGGACTTGTTTATAGTTCAACA	1
GGCACGATCATGTGATCCTCACTACGCTAACCGGCCTGCATTTCGAGGTCCTATGGTTCC	1
CATGGTAATCACCTAGTGCCGGACGCTGAATTCGCTCTTCGATTAAAATTGCAGAACGAC	1
CGCTTCAGTGTGTGTTACGATCGGAATGGATGCGACAATTCAAGTAAATAGATGGGCATA	1
ATAAAAGGGATCCTTGTCGGAAGATAGCCCGCTCTTGGAGCAGGGATTTGCGCTTTGGAC	1
VYSHVWKWMDMNDKNNDNNSHBHMHNNNNNSNVMNKKWKWVMDVSDMNNKHBSWNVRHRD	1
TATTAACACATTAACGCAACCATTGTGTAATGCTCTCTAACTCCGGTTGCGGTCCGTGAT	1
GTACAGAGTCCTAAAAGCAGCGAACTATCAAGCGCAAATGAGCAGTACGTACTCTGTTGT	1
TGGAGTCCGGAATCCCTTGGAAAGCTAATTTCGTACGCTGTGTTAATGGCGCTAGCACCT	1
TATAACTAGTTTGTTGAATCAGTCCTGCTTGCTGGATAGCGGATGATTCCGTTTCTCGTG	1
TTGAAGACACTTTACATCGGTGGTATTAATTCACATTGCGGCATAACAGGTGAGGCAACT	1
GGTATCGATAGACTGTGGTTCGTCACCCTTTGATCGAGACCTATAGCGTACTACGCCGAT	1
CTCACTTGTCTTGGGTCGGTAACGGATTCCATGCTCCAAACGATTGCCGTCGACTAAAAT	1
ATAGGGTGTCAGCATGGCGGAGTCGCGCTGAGTCAAGCCGCACGTATATGTATGACACAC	1
AACTATACAGACGCGGGTCGGGTGAACAGCCTGCCGCTTCCGCCTTCAAGCTCAAACCTA	1
GGTTGTGTCCGCGTAAATCGCGAAGAAGCCCTCACATTAGTGGCTGCTCAGTGGGAAGCG	1
GGGCGGCCTTCACCCGGAACAATTATTCAGCCCGCAGCCGTCTGGTATCTGATGATTCTC	1
AGCCGAGGTTCATTCCCCACAACCGATTAAGGGGTACAACTGGTAACTCTCACGTACGCT	1
TGGGCATATAAACGGCGCCGTCGAAGTGAGTTTCGATTTGCGGGCACTAGTACCGATCCC	1
CTGGGCACGCGCATAGAATCTTGTCTGCCAGTCACTTTGGGATACCTGTTATACCAAGAC	1
AGGTTTAGGCTTTATCCCCAGACCGCGCGATAGAAATTTAGGGCTAAAACACCGAATGTT	1
TAATGCCCGGGACCACATCTGGAGGCAGACTTGCTGACGAGACTAAGCAGAGTAAACACT	1
ATGCCGAACCTGGATGGAGGCATCCGTACGGTCATGTCATCTTTAAAGCCGACTAGGCCG	1
TAGACTCTGCTCTCCAAGCATATATGGAGCGACGACGACAATGCGACCATTGGGAACTGA	1
TAGTGATAACGTGTAAACAAACGCAACTTACGGCCCAACTTGTTGCGTAGTCCTATGCCT	1
CTGAAGGGCACACATGCACCACCCACAGAACACCAAAGCAGTGCTTTACGAGTCTGCTTT	1
CAATACTCAGATACGCCACTCAATTCAACGACTCGAGACTGGATGGGACCCTAGAGATGA	1
AACGAAGCAACTGACATAAAGCGAAGGACCTTTACGCCTTCACAGCAACCGAGAACGAGC	1
TGTAATCTCCGGAGATGATGTGATAGCAGCGCTCAGCTTATAATTGTAGGCGTATGGCCG	1
TCGCAGTTCGTTGCGGGGCCATTCTGAGAATTTAATAAGCTTTATTAGGCTAAGAGACTA	1
TTTGACCATACTCTTGAAAAATACCGAGTCGCAGATGAGTCCTCTAGTGCACGCGTAGTG	1
AATCCGGGATTCAACAGTACAGATCTCCATTGCGGTTGAGCTATTATGAGATGCGGTAAA	1
GACCGCCCAAAAAACGAGCACTTATGCTGGAATGCTAAGGTAGCCGCGCGAGTTAGTGGT	1
AACGGTACGATAAAGCGAGGCTATAACTTTCAATATGGAGTGCTTATCCCAGCCACACTG	1
GTGACCATAGTTTTCCGATGCAAACCTTGTAGACTCGGAGAATCTGTACAAAACAGGTTG	1
GGGAAAGAGCATAGCAGTCGGTCTGTCTGCGTGGTCTGCTATTGAACAAGCGTCATCGCA	1
GGAAAATTAAGTCGAAAGTACTGGAGGGCATTAAGGTTTAGGGAAGACACCTGCAGATTA	1
CCTCAACTTGGCCGCACTCGTGAACGGATACTGACAACTAGAATGGAAAAGGGTCCGCCT	1
CGGCTGACCATTTCGAGGGGTGTGTGCCCACTAAGGATAGGGCTCACACTGAACTTGAGA	1
GAATACGGACACTGTACAAAAGAATTGTGTCGTATAATTCCCACGCCTTAGCTGCTTTAA	1
TGCACCTCAGGATCTTTCCAATCCCTGGTATAGATCGGCGAGAGTCCCGTAGGTGCAACG	1
TGTCCCGCAGCCTAATCACACCTTATAAATCCTCTTAGTCACCCAGGACTATATTTTAGT	1
CTTACGTATTAGGTTCCAGTCTAAGATCAAGATTATCGGGGTGGGTTAGGGAGGTCAAGT	1
HWYNDYSWVHWYWNWBMKDBNRHYSRVSHYNNBYMWKMDBNNBRKDMWNMNHDRDNNHVR	1
GTTTGCATTTGTGCCTTACTGGGCGTGTCTCTGAAAGGTACTGAAGTTGAAAATCGTGAG	1
CCCCTCAGCCCGACTAGACCAAGGTCTCTCGTGGCTACCTCCTCATTTGCTGTCGATCCA	1
AGCCTTACTTAGGGATTGCGAGATACGAGGCCTGATGAACACTGCGCCTGTGCGTAAGAA	1
AGATCAATGGCGCGTTAGCACATTGGTTTGAGTCGCCCTCACACCTACAAAGTTTTAAGA	1
TGTTGACTTAAATGAGACTCTCCTAGCTCCGCAATGCCGAGTATCTTGCCGCGCTGTGGC	1
ACCAACGTGAGCGTTCCGTTCATTAGTCTACTCCTGGGCGTCCTTGTTCGCAAAGCATCA	1
GACTCTTCAAGGATGATGATTCGATACATACATTACACACAAATTCGTCGCGTACCGCGG	1
GTTGGTGGTATTTGACTTTCAAACGGCGTGGCGGGAGTAATTAGGCTAGGGGCCCTCGGG	1
CTCTATCGACTGGCGAAACAATGCAACCAGCGGCGTGTATCGGTCAATCCATCTTGGACA	1
ACATGTGAGTTACTCATATAGACTATATCCCATGCGGGACATGCAGTTGCAGCGCCAGGG	1
ACAGGCGGCAAGACCTGTGTTGCGACAGCCGGGTTACGATCGCATATTAAAGATCTGGCG	1
AGACTGCATAGGTACAGAATAAACCAAGTTTCCAGATAAAAATTTGGCTTGAACTCAGGT	1
GCTAAGAGATTCCGCGTACTCACCGTGAGTGGCCGACAAATGTTGTACATGGAAACGTTA	1
ATTACGATAGGGAATGATTGCCTACACATGAGTCTCACCAGGGCCCTTTGTGAGATCGGA	1
CGAAGCCACTCGTTGTTTGGGCTCGTTTCGAAACGGGTTAAATTCTTGCCGCAATCCGAG	1
CTATGTCTCACCACGGATGGTTTATAACCTCAATGCATCTGGAGTATCAGTATGACTCTC	1
GAGTGTTGACGTATCGGACCGTTTGCTTGCCGACTTATCCTTCTTACGATAGTCCCCTCC	1
AAGTCAACAAAATCGCGGTAATGGGTTGTAGACGACGTGTGCACTGACGTATCGGGAACT	1
AAAAATTTACACCTCTCTTACCGCGCCAACGGGGACTACAATTCTCTATATTTAGTAAGG	1
ATCAGTCATTTATACCTTACATTAGGCCAGTCACCAAAGCAGATGTGGCCTAGGAAATGC	1
GTGGAGTCGGATGTCTAACTCGTCCACCCGTCCTCCTGACACGTACGATGCGTTTCATTA	1
AATGGAAAGAGCAGCACTGAAGAATTCGCACTAGTCTACGGTCTGGGCCTTCACGGACAG	1
CGCGGGCGTGCCTAACTGAAGCGGCCATAGGGATTGACCTCGACCAATCGTCAACATGAG	1
GATTGCCTTCCTACGTTCCTTCGGTGCTGAACGCTCCCCTTTAAATGGCCACTGACAAGC	1
TTAGTGCGTGACGGTACAATCATAAGTGACTTCACAACTACTCGGCGGCCGCCGTACAGC	1
TGCTGCACGCCGCACGCAACGATACTTATCGCACACCAATATTTCGAAATTCGACCTATG	1
ACCTCGGCTTTGGCGCACACGCTGCACATCGGTAGAGTAATTTTGTCGAAGATAGGTACA	1
AACTATCTCTGTTGGGAAGTGCACCGCACGTGTTAAGTAGAACCCACTCCTTAGCGACCA	1
TGGCAGAACCCGGGCCATTGGGATTACAGATCATTTAGTTTGCTGTGCTCCAGTACTCGG	1
CAAAGAACACATCCGTATGCGTCTACAATGGGAAGGTCAGTGCTCTATGATGGCCCGCGA	1
AACGTGTCAGCCTTTATCGTCCGATACTGTTTGTGCGGCTGTGGTATAGTTTCGGATAAT	1
TTAGAAGGCGCGGACACGTTAGAGGCCACACCAACTCTTATCGCAGGGGTCGCGCGGATT	1
CTGGTCCGCGGTCCGGTTACATATCGACGCTGCCCAGGACTTTTTACAGTGCAAGCCCTT	1
GTTGGGACCCCAAGTGTTCCTTCGTGAGTTCACTCGGCCCGGGGCCTAGCTAAGATCATT	1
GAATCGGGTATGGACATTATGCGTAAGGCGCAGGGTCTATCCGGCGCAGGCCCAAAGCGG	1
TTGGACGTCTCTTTATCTTTTCGTTGCGGTGGAAATTCCGCTATCCCTAGCCTTAGGAGC	1
TAGGGCCTACCGGTTCCAACATCGAAGGGTTTTGGGACGTTTTCCAAGTAAGGGCATGGA	1
ATTCCCGTACAGGACTTTTAGTCCATAAGTTGACGTCAGCGTTCAACTGCGGGAAAGGAT	1
AACTTCCATGCGGAGGCCTCTGACGACTAACGGTCGCTGATCCCGTGGGATCAATGTGGA	1
CTCGCCGCGGTTAATTGAACAGGAACCCTTGTTGACAGCCTACATCGATCCGGCGGCTAA	1
TAGTGTAGCAAGGACCTCCTTTCATGGGCTTTCTGAAAACCGCAGATGGTGCAACACCCT	1
CCTGCTAGACCAATGTGGGTCGGAACTCCCGAAGAGTAATTGAGCGTACAAAGAGAGATT	1
GGTCGGACCACAGGCCACTGTTTGGGGTGGGTGGAAGGTCGTCGCTTGCATCTAACAGGT	1
GCTAAAAATCTGGTCATTGGTAAGGGCGTTTAGTGGGGCCGTGCCCTGTTGAGGGGCAGT	1
AGGTCGCGACTACTCAATCCCCAGATGGACCTCCCGGCACGCACCATGCAGTTAATCTGG	1
CCAATGTAACCGAAAGAGCGAGCATAATCGCACACTTTTGGGTGATCTGAAGAGACCATC	1
TCTGGTTTCACAAGTTTAATGGATGCATAGTACTGTCTCTCACGGTGGTTTACTCATGTG	1
TAGACCACGCATCCCTGGACTCTCAGCAAGGGCGGCCGGGGATCATGTGGGGTGTGTCAA	1
AGCAACGTCCGGGCCAAGAAGCACGAGGTGCTTGCCAAAGATCAAGAACAGGCAGGTCGG	1
TAACAAATGACTTGTTATTGAAAATTTATTAGTGCGTGAGTATTGAAAATATAAACGGGC	1
CCGTTCGTTGTTCTGTGCGGTACTAGTACCTTCGGCTACCCGTATACCTATTATTAAAAA	1
ATGGACGAGCGACTGAGCTGCCGCCCACCTTCGCGCGACTTTTATCGCCGCACCATTCAA	1
TGGTTGGGGGATCGTCTCGGAATGGGTGCTCGGATTTTTGACTGGGGATGGGGAGGGCGG	1
TAACATAGCGCTCACTTAACTTGCGACGGGACCTGAGGCGATGTTTTTCTAGAGCGAGGA	1
GCTTGCCTCCTAGTTTACTCGTAAACTAATCGATGAATGAGCTGTATCCAGTTCCCCGGG	1
CCTAACGGGCGGAGTCTTGCATAAGGGGTGGCGTTGGGGATCCGGGATTACACTTGAATT	1
AAGGTAGCGACGTTGAAGTATGGCTCTGCCGAAGCTGCCGCCTAAGCACTAATTTCGGTC	1
CTATGGATACTGGGTACGACTGTAGATCCACTCAGGACACTCCCGGTGACACGTAGATTT	1
TAACCACATAGGGATATAGATTGTCTCCATTAGTGGTCTGAGCTACATACATCTTGTGTC	1
ATCTTTGTGGAAATGGGTTAAGGGAAGGGATTAGAAACGACGCAGGTAAGGACATTCCTA	1
TTGAAAAAGTACTCCTACGACATAACGTGCCAAGTATTACTCTCCAGAGTACATTACAAT	1
GGATATCTGATCTATACGCACATTGATTTCGCGCAGGTCACATTGGCCTTTTACGGAGCA	1
CGCGTCACAATGCTAGCAGAAAGCGCTTATCACACCACCCTGGCTATGTCGTATCGCCAC	1
CGCCAAGGCTGGATGCGATGAGGTGCTTTGATGGCCACTCAAAAGATTACAAGCGCGCTC	1
GCCAGTCAGACCGGGAGTCACGGGTCGTTTTCACAGCGCGTAAGCTTATCCACGTAATAT	1
TTATACAACTAACCAGGATTTACGGCTATAGATATCAATTCGTGGCACCATTCGGAAATT	1
GCGGCCCCGTCCGGCTACCGGCTCCTGCTGCGTCATTGTCCTCCGTTACAATTTATCCGC	1
GGTCTACCCTAACGATGGCCTACTATGTATCCTGATCGTAGAAGCCAGGCGAAAGCCTCC	1
CGAATCCGAAGGGGTTTTTCGCATCCCCTTTATTCACGAACAGGGTACTCCCTTTCGGCG	1
ACCTATATCGGATTCTATTGGACTCATTGTTTCCGGAGTGTCGTACATTCAGATGGCCAT	1
AAATAACGCTCTTTCTGTGCAGAACCGAGGTCACCTGGTGTGGGAACCGCAAGGAACTCG	1
GGAGGGGAGGTTATATTGATGCCGAGAACCCCAAGAATCTAACACCATTTCCCATCACGA	1
TCGTGCCTCTTATTGCTGCTAGAAGATGGTTCGGACGCTCCGCATCCAGTGAGCAGACTA	1
CTGGCCCGTTGAATCATGAGAACAAGGTCCGCCGGATTGTCAGATGACGTGGGAGCACAT	1
GTGTCTGATTGGACCGTAATACTCGGGGCGTTATGACCGCGCTTTACGTAACTGGGTAAT	1
TCGAATTGGGAATGGTGGTTATCGGGCCTGCGTAGCAACTTACAGTGATGGGTTCTTGGG	1
TGAAAAGCTTAGGTCCCTACTAGATGGAACTCGTGATTGAACGCAGAAGGTGGGCCATGT	1
TCTTTCTTAGCGATATACGCCTGATATTATAGACTTTGTCGAGCTCTCGCGTGCCGAGGA	1
GGACTTCCCTTTGAAACATATAGCCGCATAGCAACCGTTAACAGTGCTGGAGTGGGGATT	1
SDHHKYBBBRSNRHDNMSBWNNHVHSKNHBYNWYNBNNBDDYRRRHYWMBBMBSMHBVHH	1
GGTAGGTTGGCCGGAACGTTGCAGTTATCACGGTCGCCGTTCAGCTCGATGAGGCGATGA	1
ATGCAATTGGGGTACAGCTTCAGGGTTTGTTCATGTCGCGCGTGTCTATACGCGCTTACA	1
TGTTGCGATATTATCTGTATTGTGAGGCCCCTCTAAAGGATGCGGAACTACTACGCGTTA	1
TATTCTTGAAGGATACGCGCCCAAGGGCGTCATACGCAGGCTCAATACGCATCAGACCAA	1
CGAGAAGGGGCACAAAACTCGATAAGCGCATCGGTGTCATATTGCCAAAGCTCCGTTCCG	1
AGCGCCGTGCCACACAACGGCAGTAGTCTTCTTTGCCCTATAATCGTCCTCAGCTATTGA	1
ATAGTAATCATAACGCTCTCCGACTCTAGGCTCACAGAGTATCTATCATTCGTGCCCATC	1
CTGCTTATCACTAGAATTCGATAGGAAGAGTAATAAGCGGTAGTGGCCTGTAGTGTGAGA	1
TCCTCTTCCGAGGAATGGAGATAGATTGAGCGTTTGGTTTTCTAGTTTAATATACCAAGT	1
CGGATCTTGCCTCCTCTACCTGTACGGCACCAAGTATTCTTTCTTTAGCATGTTAGGACC	1
CTTGTCTATCTAGCGGTTAGACGGTTTCCTAATGCGTTCCCGAGCGTAGCATGTCACAAC	1
GAGCAGCTAGTCAATATCGGCGATCTGTTGGGTCGGGTAACTTGGTTCCATATAATTATG	1
GTGTGCTGCATATAAGCGCTGATTAGAGACTCACTAAGACACACATATAAGCATTGTATA	1
TAGCCACACTTCCCAGACATACTTATTTACAAAAAACCGGGGACAGTCCCGTAAGTTCCC	1
CGGTTGTATGTGAAGATGAATGGCTCAGCGGTACTGGAGCAAGCCGCCGCCATCGTCTTG	1
TCTGGTAAACGTGAAGTGGCGTCGTATTAATATAGACCGGGTTAACGCAAAATAGAGGGC	1
TTCTACGACAGAGGATTCCCCAGGAGAGAGCAAGTTCTAAGAGTCATGGTCTGTAAATGA	1
WSVRMNNBWWMWVNBDDDHRRNWDBBMDBSNDBHWDHVHSSKWNNDNNKHBYSBYKWWVS	1
ACAGATCTTTGTTCCATAGACATGTTGTCTAGACGGGATGTTAGCTGCGAATGACTTCTC	1
CGGTTTGACTTTAGTCCTCTCCCTGATCAGGTTCGTACTGGCTTGAATGCCCTCGTGAGC	1
TCAGGCAGCTCATGTACCTACCGCGACGACGGCCGGACGTGCCAGTCGCGCACGGTTATT	1
GTCGATGGAGATGCGTTTAAAGACTATTTCTGGACTTCCGTTCGGTAACGGTTATTAGGC	1
GAGACACGTATCGATATAAGGAGTATTTTTGGACCCTAGATCCACACGAACTCAATATAG	1
AACCTAATCTTTCCTGGCCAACGCATTAAGGCGCACTTACGTGTGAAGCAGGAAAGCCGC	1
GGCGTATGCTTTTTGTACTTGTATCTTGAGATATACCAGCTCTAGCCCCGAGCCCTGGTG	1
CCGCTTGTCTGGTGACTGGCATGTTGCCAATGAATAACCAAACGTGCGAATTGCGATGAT	1
SKSMNBNHHBDNHDVNKVKDRRNNYYNBMBKMNNNYSNVHKRYNNNWNBHHBSNSSHHBK	1
CAGTGTGTTGGTCTGCCCGTTATACTTTAAGGTAGCATGGGGGTGGGAGGAAGAAACCTT	1
TTGAGGTTAACGGCAGGCCTTACGCTACTGCTGCGCGATCCGTATCGAGGTGCATCCTTG	1
ATGCTTGCGACGAAGCGATGTCACGTATGCGGCCCCCGCCGTCCCCCCACACTCGCGGGT	1
GACTGCCTCTGTTCGATTTCGACATCCCGGACACTCACACTTGGTAAATAAGAACCCCGC	1
GCAGGCAGACATGTCTTGGGATGTCCGGGGGTCGCGTTCAGAAATCCGTTATTTAATCAA	1
CGTCATACGGCATTCACCGCGCAGTACGCGTTATTGCGCGAGTCGGAAAAACGACTCCCT	1
TGGAATAACCATCATTTACATGTATGCCTCAGATGACTCCTTGCGTTTATAAAGCTACGA	1
TTATGGAGGTAATTCCTTCGACGCCCTACTTACATTCTGAATTGAGCAAGTGACACTCTA	1
ATGCAATGCTCTCCGACCCACCAACCCAACGCGTTAAGTCAGTCGATCGACGCTGGTTGA	1
GATATCCTGATTATCGCTAATACCGCACACGGCTACTGTTAATAATTTTATAGCAAGCCG	1
TTAGCTTCAAGGCCTAGGAAACATCCCTTGGCCCGTGATCCCTCATGAAAATCCCACTGA	1
GTCGCTGGAGAGCTCCCATTTTTATCGCGATCATCATAATACACGGGTAATCACTTAATG	1
ACGTATGCAATTACTAGTATCTTATTTGCATAGTAAAATATCTTCGCGGGATCGTGCAAA	1
TAAACTGCACTTGACTCTTCCCCTGCATTTATCCTTCTGTCGCGAATTTTTGCACACATT	1
GCGAAAGGGTTATATCATCTTTCCGACTCGTGGTGAATTCAGTGAGGCCTCGATCATATT	1
GCATACGAACCGCACGTCGTAAAAGTTTGCCAAATTCATGTAGATTATATGCGATTTCCA	1
CTCGGGGTCTCCGGCTTTAAGCTACCCTGGTCAGTACCCTCTTCCGTGCTGTAGATGGGA	1
ATGAGGTCGATGCCCACGGTATTATTCTCCTCTCCAATTATACGAGGAGTAGTCCTCCGT	1
CTACGTCTAAGTTCAACATATGTGGTTTAGGAGGGGACTAGGGACACTTATTTCTTCCTG	1
ACGTCAGGCCTCAGTAGTCTCCGCCCTCGACGACATTACAGACGCCGAACCCCTACAAAT	1
AATCAATTGAGTACGTGGTATTACGAGCTAGCTGGAAAACTGCTGCGCACATTTGTGTTC	1
GGGCGTCTATCCCTTATAACGCTGCGACGTAGGATCTTCTCAAGCCTGGCTAGTGAATCC	1
ACGCATAGCTGCAGCAGCTCCGAAACACTTGCGTCCGCATATGGATGCACAGATAGGACA	1
TGCACCCTATAATTACCCGAGACCCGCTACCTCATCTCGACTCTACGGATATCCCATATT	1
GTTCTAAATGTTAGATGCGGAGGCCGATCTATGTTAATCTGAGCCCAATCAAGTTCAGTT	1
AGCCTTGGCCGCTCCAGATATAGCAATCCTTACTTACGGCCCACAGACGAATTCGTGATA	1
CGAGTCGAGGGGAAATACCTAGACCCCTCTGCATCGGTAACGCAGTTTAGCGCGGGTGCG	1
TCCCTTCGCCAGAACAACAATGGTAACACTTGTCTCAGAGTGGTGTCTGTTCCTATATAA	1
ATGTACTATGGGTCGTCACGAAAGCTATACAGATTCACTGCTCCGGGTGGGCCCCAGTTC	1
CCTCGGATCCAGATGCCCTCTGAGTGTGTGACCGACATGGCAGTACGTTTTCGCCTGACC	1
SDMVDBVHRYKYMNSKMWYNHKDMWSVWWYBBYSMWHNYBVYRKHYBNNRDSBRNBBSDN	1
CCAGTGGCGCTTTGGATGGGAACCTACTCGCGGCTGGTCTAGACTATTTCCAAGGGCGGT	1
GACGAATCAGATTAATGGAAGCGCACGACGCCGGCCCTCCTCTCGTACCCATGGTTCAGT	1
GCCACTGCTATGCTGTCCTTATTCCAGGATTACAACTACACGGGGAGTCGACCATCCCGT	1
CCACCCAACCCGATCCAATTCGGCCGCATGGCATGTCATGATCTAATTCTGTATAGCCCG	1
GACTTCGCACCCACTTGATAGTATTGCGTCTTTGTCGTAGACGGCACAACTGTCGACCCT	1
ACAGTATCGCACGCGTTGCGGGACAAGCCAATTGACTGAGGCACACAACCGTTTTGAGAA	1
NSBDKVVHDRKNNHBHRYYSRKBRBBHVSNKVNNVNNVDRKVYRYNDNHMWWVSHKMSHS	1
GAAGCGATCTAGACATGTCCAAGAGTCGTCCTTAGAGTTTGGAGCCACAACCAGAACCAT	1
CCAATGACGTTCTCTGCTTCCTCCAAGTGGGATCATTGACCACGTGTATAGGGTAGTTTT	1
TCGCTTGTTGTGGCCTTTGAGCACCTGCTACCCCATAAGGACGGTCTCCCATAATTTCGC	1
TCATATTACAACCTGAGCGGTTGTCGAACCGAGACTTACCATATCTACCGGTAAGAGGAC	1
GTGGACGCGGGTGAGTAAAAGCGAGTTTTCGATGATGCCCTGAGACCGGTCCTAGCCGTG	1
GTTCTGACCCGTAGTCGAGGTCAGCTTACGAGCCTAGGTGAGTGGTCAGAATTTGGAAGG	1
GAGGAGTGCTAAACGAGCTCCCCTGGCGCCTCACTAGAACCCAAGATCCTCCAGGTCTAA	1
GATACTTCGACCCCATACCGCGTGCACGGCACCACTCGAACTACCCGGGTCAAAACTGGG	1
AGGCTTTGGGAATCTTCTTGAGGCTTCAGCATCGAGCTAGCGTTCGGTCATATAAGGTAC	1
GCCTGCTAATTGGCCCCTCACACCGCTGCTGCTGCCTAGGTTACGATGTAAGAGATCGCC	1
CGATTATAAGGAGGGACCTGATCTATCGCGGAGCTAATAGTAGGGCTACCCCCGATGTCG	1
TGGCCCTTCCTGAGGACACTAACAAAATCAGTAATCTAGGGGCATCGATCGATACGGCTT	1
TTAAATTCCTTTGCCATCTCCCGGGCGATAGAAACTCCGCACAGTATCTAGTCTTCATCT	1
CTGTCCCAACATCATTTGACATGACAACCGCAAGGGCTGTGACAGTTTGAGGCGGGCACC	1
AGTACAAATCGCAACGGCAGACTGGCCGGTTTTACTTGCTATGCTAATTATCGGTACGGC	1
TGTAAATCGTCTCTGACCAAGGTTGAATTATGTTCAGTGGCACCTTACGATAACAACGAG	1
ACTTATACTGTTTTCCGCCACACTCGAGCAGAGTAAGCACCAAAGTGTCCGGGATCTAGG	1
ATAATCTGATCAAAATGAGCTACGGAAGGTGCGCACACTCAGGATAAAACACTCACGACA	1
CTAGGGCGGCCAAAATTACGCCCTAGCGGCTGGTCCCGGCATAGGGATGCACACACAGAA	1
TTGAGGATTGATCGCGCCGAGACGTTAGTCGCATCGGACAGACAACGCGAGCATGAGTAA	1
CGTCCCGCTACCTGGCGACGGGCCGCTCTGATAGGACGTCGACGTATGAACACAGGGGTG	1
GTTGCTTTCTGAACAGTGAAGAGTCCGGGACGGAACCTGAGATCGCAGTTTCTAACGTGT	1
TGGTCGGGACAACTCTACTCGGAGCAAAAAACCACTAGGGCAGTCGCAAGTGCCAGGGGA	1
GGAGGCAGGCGTCTAGCGCAACTGCAAGGTCTGCCTAAATCAGCGTCCGCTCGTGGGTTA	1
CTCGGGCCGTTCAACTCGACGTCGGCCGATACATGCGTTTCACTCAACCCAGAGATTGCT	1
GTATCGATATCTTCATCCTTATTTCAAGGTATAGGGTTTTAGGGGCTAAACCCATATTTT	1
TACTTAAATTAATGTAGTCAAAGTTAGTTACTCCCAAGGTCAATCACTGATCTGAGGCGA	1
ATCTCGACCCGCTCTAGGAATGCTGGGCGCTCTTTTGAACGCTCCATCGAATCTGTAGTC	1
TGGCGCATTAGTACTTGTTGCAAGGACACACTTGGCCATAGTGGTCTGCGGGTGCCAACG	1
GACTAACCCATTGGCGGGAGTCTGTCCCAACGCACCACGCAAGTATTGTCCTGCGTAAGT	1
CACGACGTTTAGATGGGCGATGCGCACGCATCCCTCATTACGTTACTATTGTCTACACGT	1
ATGAAAGATTCTACAACTACCTCTACCCACAGCGCTGTCTTTGGGCTAGGAATTGCTTTG	1
ATGCTTGCATTGAGTGCGAAGAACCGTTTTGGAGTGGTGAGTCCGATGCTGCAGAATGGA	1
ACGAGACCCGCCCTGTTTGCATTAGACATAACCACGCGTCGCCATCTGTTGAACGCGAAA	1
TTCGACCAGTAGATAGTAGGCAGTCCGAGACACGCCCCACATAGAATGATCTAACGTATT	1
GCTTAGGCACTAGAATACATAGCGGTGAATGCAACTTTGAGCTTGTATGCGGAGCGAATT	1
YVMVDRMSBSSKRBSKNMHRDHYMDHSHMYYMMYSWYNBNKWVNNHYMMVSSYNDNVNNS	1
CGTCAAGACGAAATGATTTGTGCCAATTACGTAACAATGCCACCGGTGGACAGGTTTGGA	1
GCTTAATTACATAGAAGTGCAGGCACAACCCTTTCCTACTCGAAGATGAGACCTAACTCC	1
TGGCGGGGCGCCAGCCCTTGCATTTGTAATGCATGTCCCAATAAGGCATATTGGCGTCGG	1
AGTTATAAGGCATCAGTACCTGTTGTATCAGGTGCCGCTGCTGATAGCTTTGGTAAGGGT	1
TAAAGCTATAGGCAAAAAAACCAGCTGTGCCAACACGGTTATTGAAGTGCCCGAGGTCTT	1
TAGTGTTGTTTTTTTGACTCAAGCGTAGCCCGGGCTGCTTTACCGGAGATTATACCTCCC	1
GTGTACTAAGTTAACATTTGCTGACACCCGGGACTAAACAAACCGCGCTTCGTAGATAGT	1
TCACTCAACCCTAGCCGTTTCCGTACGCCACTACCCATTATCGACGTGTAGGACGCGGAC	1
CGTGGTCCTGGCGCGTTAAATTAATGTCGGTGGCGTTGGAGGCTAGCTTATCGCACGTCC	1
CGTTGTCGCTTCGAATTGGCGATCATCAACCCCGATACTCATGCACACCCTCTGTCATTC	1
GAGTGCTTTTCGTACGATTCTATGTTTCTCTAGCTACGATGTGGTTTACCTGATCTAACG	1
GACATCTTGTGTGATCGCTACTGAGAGGAGTGGTGTAACGGCTGGAGACTGCCTATCAAT	1
ACATCCAAAATCCGCCTTATCAGCGTGCCAGGTGCAAGGTATTTATCCCTGCCAGGCATA	1
GAAAAATTGATCGAAACCAATAACGGAATTTCCCCAATAACCAGCCCGGGAACCGATAAT	1
GACGGTCTTAGGAGGGTTGGCATTTGGCCTCGTAGTTCGGTGTGCTATTGCAGACCATAT	1
TGATAATTCGTTCTGGATCCGACTCTTGCGGGGGCCAGGCCGAGCCTGGTTCTTAGACGC	1
TTTCATGTTCTTTAGTATCTCCCGCACAAAAGCGAACATTAAATCGTACTCTGTACGCAG	1
YBDHSSWVYNVWDKWRMSNDVNKYSDBVNYKVWHMBNBRRVHKKYSMVNWRWSVWHNSVN	1
TGGCGTAGTGCACATTACTGAACTGGTGGCTCTCCTTAAGCCTTGGCCCGACCGCCCCAC	1
GACCTACGCGAAAAAGCTGTTAACAATGTACCATATCATTCGACTTGTGGTGCAACGACC	1
CCCTACGTGTTGCGTATTTACACCGATTATTGTTGCCAGGCATACTGGAGATTGTTTGTG	1
AGTTCTGCTCTTACGATTTTGGAAGGCGAGCGAGCGCGATTCAACCACACCGGGAGCACC	1
TTCTGTACGTTAGCCTTTGCACTGCTGAGAACTAGTGACAGTGGACTAGGACCGAACTGC	1
GTAGCAAAGGGAAACCCGTCCGAGGATTGGAAGTATTTCGCAATAACGCAGACTGGCCAG	1
CGGCTAAGAGTAGTTAAATCATGACTGCGGACGTAGATGAAACTCCCCTATTAAATCATG	1
TCAAGAGTACGGCGGTAACTTGCGTATCGTCATCCCACGTTCATAGGACACCATATGCCG	1
CACAGTACCGCAATTCTGTGTTTCTAAGGACGTGAGATGAAAAGACCTTCAGCGCGAGCC	1
NSSKDWHBVHWRBKHSKVWMYMWDWYSNMMWDKYSMKWNNMSWNYBHWNHBBBWKNDNSK	1
GGTCCTCACCTTTATCAAAAACTTCACAATCCAATTCCGAACTGAATGAGAGATACCCCA	1
ATACGTCCCATTCCGGAGTCTAAGATAACAGTGGATCGGCTCTCTCGAAGATGCTATTAG	1
GCTCAAAAGAAGATCAAAACACAAAGTAAGGGTTTACCCGTTCGATCCGGAGCGGTGTGT	1
GCTCCTACGTGCCATGCAGACAAGTCCCCATAATACTTGACGCGATAATGGCCCATATTA	1
GACACTAGTCCAACTTTCAACCGGCAGATATATGCTAGTCATCCGATGTACGGAATATCA	1
GATACCTCGATGGACTTCGAAATAGACAGACCGTACTAGTGCATGTGCACCGCTTTTTCG	1
KMDMNHBNDMNSKDNHDMYKWRYDRHRNBSVNYYDVYKSMKVNWNNDNBMHVNWDRNSHH	1
GGAAGCTACGTGGCAAACGAAAGGTACAGGCGCCGCCGATGGTTTACCAAGCTCACGGGG	1
CCAGATAGTTCCAATTAGGACGGAATCGAGATGCCAAATATCGCGTGCCGCTACCATGCT	1
GTGCACGTGCGTTAAGGTAACGAAGGTCGGGTGGAACAAACTCGTTACATGCCTGTGGGA	1
ACCACCAAATCTCGTGAATTTCCGCTTAGTACCCAGGACAATTACTGCCTTCGGGTGCAT	1
TCAACGAAGATGAAGCAGAGCTACTTTGACGTTTAAGTGCAGAGTAGTGAACCTCGAATA	1
GACTAGTATAGCTCTTGGTATTGTATCCCTGAATACATGTGTTAAGGGAACCAGAGTGTA	1
TTGTCCTGGGAGTATCCGGGTACCACGCGTCGAAAAATGGCAACCCTCGACCTAACTACG	1
AGGAGAATATATCCGAGCGGCCGTCCCACAGGCACGTACGGGAAGTCCATGTGTAATATA	1
CACATTAACTGCTGTAGAGAACAGGCTACCAGATTCACGGACCCAGTGGTAACACTGGTC	1
AGACCTCCCGACTTAAGGTTAATGATGTAAAGTAGGCCCGATCCTCTCTCCCAAAGGAAT	1
ATGTAACGAAAGAAAATAATTCCACAACCCATGCAATATAGACGTTTTGCCTGCGCGGAC	1
ACACCCCGGGCGACTTAAGCCATATGCGCGAATTAGCAAACTACGTTGACGGGTTTTGGG	1
GGTTGGCCCGTCTAGCGGCACCCAGCCGTTGTGCCGGTACTCCGTGTTCTGGATGGTCCT	1
CTTTCGCTCAGGGGGCGTTTCTACAGGCCGTAGCTCCCACTACAATGATCCTACTCGTAT	1
CTCATGCCAACCTTGCGCTATCGGGACCTTCAGATCTGTCGTGTCTTCTGTTTTGTGCAT	1
TATACTGTCGGCCGCATACGCTACCACAACTGCGAGCGCACATAGGTTCATCAGCGCGAC	1
GCAAATTGTCGCTAACCACACAGCACGGTTAGTTCGCTCGGGCAAACTCGAGTGCGACAA	1
CCGATGTCTAGTGTTCCCGTTTGTCGGGAGTCAGAGTGTTACTGGGATTAAATAAGTCTG	1
ATCCCTAGCGGAAGCATACCAACGACTTGAATGGGCTATGACCGAGGCCAAGATGGGGGG	1
GCTTGAGCCATCCCGGAACGTTTGTTTCCACAGGATATGTGATTTAACGGGGGAAAGTGA	1
AACAGGCTAGCTAGGGGGCTCTCGTTCTCTCTATACTCTAGGTGTTAGCCGCGTATTTAT	1
AACCCCAATTCCTTATGATATTCTGAGTGCGGTAGATCACTAGTCTCAAAATACATAACG	1
CTCTATATGTTTCCGCGAAATAGAAATGTGTATGAATCGAGTCGTTTCGTGAGTCGAGGT	1
CCGTGCGAGCCAGCCGACTACGCCTGATTGATAAATAAGACGGCAGCGCGCGGGACGTTA	1
CGGTCTGGTCTGCAGGTGTTATAAACTAAGGCCAAACAGGCTTTATAACGAGTGTCGAAA	1
TGTTCGCATAAAAGGCGGCCACCATTCGACGATGTACGTTGTGTCGCCTTATCTCATTGT	1
CAGCGCAGACATACAGATGTGCACGGCGACAGCTTCCTGCCGTCAGAAGATGCATTGTCT	1
ATAGTATTATCTCGAGCGTCACACCTAGCCAGAAACGGTGGATCGAACGAAAAACCGAAA	1
AGGGTCGTGCATTTCTGTTCTTGTCGTGGCGCACGCAACGGTGCTAAGGGCGACGTCTGA	1
CTTTAGCAGCGCAGTGGCGGTATGAACACCCGCATTAGAATTGGTTGCTTCGAGGATATA	1
CCTGCTCACAGAGACCCTGTTGACGTCGGACCTTGTGAAAGTTTGCGCGCATAGCCTTAG	1
GCGAGGAAGACAATCCGACCCAAACCTATAAACCAGTGCTGGCATCTAATCCCCTGACCG	1
TCCCGAATAGACCGGTCACTTGAATATAGGAATTTCAGAGGTACGCGCACACGCGACAGG	1
GACTAAAAAGGAAAGCATGCTCTGGTTATAGGGCGGTTGTGTCGTACAGCCAAGGCAACC	1
HMDWRWRYSHNYMBVNYBWWKSKNBHNYMRNHKMHRMHNKBWKSMRWHBHVHRNDBDNHV	1
GTCGTCGCGTCGCGAGTCGTAGACCTTTGCGTACTCGTAGGTTCCACGTTTTGTCTCGGC	1
ATGGCGATGAAGAGCACACCTTGTCACTCCAACCTCAATAACTGGTAGCACATTACCGGC	1
TTGGCACTGTCTCGAATTTCTTCAAACAACCAGCCCTGGACGTATACGTTTTTTGGAAAG	1
TAATGGAACTCCTCTGGATTCGGAGTGAGGTCCCGTGGTGGCGCCGATTATGCCTTTGTT	1
TCAATGATGGTGGCTTAGTACTAGACTTTGCAAGGGGAAAAAAAAACGGATCGCTCGTTC	1
GTATCTTCCACACTAATGTTGTGAGAGCTAACGACGCTGGCAGCACGCTCACGACGGAGA	1
CTTCAAAGGCGATTACCGGGAGGGCGTGCTGAGTTCACCGCGACACACCTGAGGCATCTG	1
AAGCAACTGCTACTCAAGCCGCTCGCCGACCTCCTTAATGGGTCTATCACAGCCTCTTCC	1
TGAACACGATGGTCTACGCGTTCCATGTTCTACTCTATTTAGCCGCTGTACCGACCTCCT	1
GTCTCGAGGTCCGAGGGTTGGTGAATTTATACAACCACTGGCGGCACAACGTTCATGCCT	1
GGTGCCAGACCACGGTTGAATCCAAGATAAAACTAGGAGGAAGTTGCCAAACCCGAATTG	1
ACCGGTACCCCCGAACGATATGTATCGCAAGCATATGGTAATTCGGTCAGATGACTTAAT	1
CCAAGGAGGAGGATCCACCCGAATTAGGATTTGAGAACTCAGGCAATTTGGAGGTACTTG	1
ACCCAGACTGTTTCCCCATTCTAGAAACGTAAGTAGGGACAACATACCATGTTGTTGACG	1
NNVSVSHDMNHWNDHWRVMBNSHYWHSVDMHHYMDDWBNHKRKNMWNDSNNKDKWNYBDY	1
ATGTGTCCACGCCAGTACTAGACATTCGCCACGTGCGTTATCATCAGGAGGGTGTATGTG	1
AGCGAGGGACGGGCTGGAACCACGTCAACGGATAGTCCGAGTTGATCGTCTTAACCCCAT	1
CCGCGCCACCACTGTCAAACGCCCCAACCACCGCTAGGTGCTCTACTAGATCCCATGCTA	1
TAATTTTCCGATTACGTGTCCGGAAGCACAAAAGCGGTCACCGCGACTACAGTTTCTTGA	1
TCTTGTCTATACGGCATACCATACATTTGAGTCCACAGGTCTTAGACTACAGTACTATGG	1
AGTTTTTGTGATTTAATACTCAGGGTCTCGCGCATCACCCGGCACCTACGGGCACACAAA	1
GCGTCGAGTTGAGCCCCGTATAGGACAGTTTTGCGATGGTTCAGTCGGTACTATAAACCA	1
AGAATATTAACTTGCGATACACGAGGCACCACCACGACGCACTATCGTGTTCAACGAAAG	1
CGCAATTAGTCACTGTGACATCAAATAACAATTGTTGGCATGGTACGTGCGCTGACGTTC	1
TCTTTAACTGCTCATGTCGGATTTCCGCTATCGCATTAGTACACGTAGTCGTCTGCTATA	1
CAGCCCGCCTCCGTCGGGCGGCAAAGGTCACTGCGATCATATTTTGTAGAACCGATGCCA	1
ACTACACGACATCGAACGCAGCATATGAGGCGATGAGGCTCAACGCAGATCCGTCGCATT	1
TCTGCCGAATAATCAGGCGAAATTCTTGGTTTATGGGAGGATGACCACGAGATACGTATA	1
TGACCTCAGAGGCACTAGGCAAAGACTAACGCCGGTGAATAGGCCTTCCTTAGTTCTCTA	1
WNNKRNDNSKSWHBDYNYYMWNDHDNMBKNRVMHVYBNNHWSDHKMVNNKBVNRMRKMYN	1
ATGGAGGGAACTCGCGTATTTCTCTCGCTGGAGGTTCGAGGTCTCTCCGGTGCGATGGTG	1
AGCACATGGGATTAAACTTCCTCAGACATAGATGTGATCCTCTATTACGGGACAAGCCGA	1
GTAAAGGTATAGAGGATAATTTGTTTGTGAACCGTTCTTGGTCTTCGCGTTGTGAGGTAT	1
GTGTAATGGTGATATGATCGCCTTGAGGTCACATAGTCGCCCGAAGGGAACCCCAATTGA	1
AGAGGCTTTAAGCCGGCCGTCCAAAACATTGGTAACGGACCCAGTTGGCCAGTCATCTTC	1
CTCCAAATCCCGATGTAGATTGGGAGCAGTACGACTAAGCGAACAAAGCCGCTGATACCA	1
CCGAAGCGACACAGATGTAATCTAGCGTTCCAATCTCGTTATGTGAAGCCTCCAATGAAA	1
GGATGTTCACACTCTGGCACTCTTGGGCTCGCGGCCAGAGCTCCGGTGTAGCTTGAGCCT	1
GAGCATGGTTAGACTACTGTGTTATATTCGGTTTGCAAATCCTTCTTGATTGAATGCAAG	1
CGTGGACGTACCTGAAAACCGGCGGCAATTGCTTTGTTTATCTAGACGTCTTTGTTGAAT	1
TCCAATAGGAACTACGGCGTAGATCTCAGCCGACAATGTCATCCCCTGTTAGAAACCCGG	1
GTAAGACTGCACAGTTTCCAGATAGTATTGCAGGTTTTAAATTCTCTGCGATTCTGGATA	1
TTCGCCATGGGTCAGAGATCCTGGAATCAACTTCTCCTTCGCCCCAACTGGAAACGCTAG	1
BYKVVWWDMVVSNHBWRKMRSBVSDSKNKRNBYHHRNSVVDMNNSBMNVHKYRYBKVMWB	1
ATCACGTGGCGGTCCCGGCTAATTGGCAGAAAGCGCCCCATGCACTTCCAAGCTGGTGAC	1
AATGGGACCAGGTAGCTGGAAGTCTAGCCAGCCGTTGCCATTAGTGCATCCGAGCTCAGG	1
GCGTGTTGATTATCCCAAGACAGCGCTTATGTTCTACCCATTTAGTTGCATGAACCCCTA	1
GCCGCGCTCCGGAAGCTTTATCTAATCTGAAGAGGTGCGATTGTTCTTTATGAGTCACTT	1
TCGAGCAGCTTGCATTATGGCACGCGGCACTACTTGCCCGGTTTGGCAGGGCAACACATG	1
TTCGAGGCTGTCCTTCGGCTTAAACGAATCAAGGCTTAAATCGTATGATGAGATATCAGC	1
CCCGGCCGTTATCTGATGCTTCGGGATCATCGGATGGCGGAAGGTATGAGATTTCCTTAC	1
TATTAGCCGCTAAGATTTCCGTTTGTCGTGATCGGATCCAATTCGCCCAACTTCGTGCAC	1
GAGCCCTAGTGTGGGGTTTTAATTTGTTTGACGACTCTAGACTCTTGCGAATTCCTTTCA	1
CATTGGGACTTGAAGATGCGAAGCCGATTGTACACTGGTGTAGATCTGTGAGCAGACATA	1
AGCTTACGACTCCGACGTTAGGTTAAATGTGGGCAGAGAATAACGTCCCGGTGGACGAGG	1
TTTCGGTTGATTGATCCGTCTGATCACCGACGGTTCCAAGTGTAACCCGACGGGGTCCTT	1
CGGGAGGAGAGGGCTAATAAAGCGTGTTACCAAGGGACCAGGCTCCGAGCCGGACTCCTT	1
TCTATCACTAGGTGTCTGGTGAGTGAGCTGGATCAGGTTCCGGGAGGCATTATCTTTTGT	1
ACAAATGAAGATTTGCAACGAGAACGCTTGATATGTTGCATTGTTGCCGAAAGCGTACAC	1
AGCTATTGGGTTCTGGTCAGAGATCCACTCATTTCCTTGAACGTCCACCTCGGACCCGAG	1
AGCTTCATTACTATCCGCACCCGATCCTTACAGTGCCGATACGTAAGGACATCCACTCTT	1
RBNVVWYDKNYBHNMMSNRNVNRDWBYMYWNYNVRYVKDBHBBNRDKNNNMSMHRHDNMW	1
CACAACGCGGGTAGTCTCCGTCTGCTCGCATATGTACTGCCAGCATTATGCTTGGCCAGC	1
CTATATGACGTAACGATGGTAGAAAGTGCCTTCACCGTACCGGCCGCTAGCAAATCAGGG	1
CTAAACTATGAAGTACTGCGACCGCTTGGGTCCTAACTGTTCCGGCATATTTCCCTCCAG	1
TGACTTAAGACCAAGCGACGACATTTGGTCAAATTTCGACCATCGGCTGCGACTTGGCCA	1
CATCAAGAAGCAATATGTGAAATGATCCAAGGGGAAATTGCGAGGTGCGATCGTAAAGTT	1
TTACAGCTAGTTTCTCAAGTACCCCAAGACTTAACAGGCCCTTAATCATGACGCTTGGAG	1
ATACGCGCGTACTGACGCCTCTTTGGTAGCTGGGTACGGTCGAGCGACTTCGTACCAAGC	1
CAGGAGAGAACCCGGAGGCGTGTTAGTTCACATTTTCTAAGGTCACTGCGCAAACAGACT	1
GAGCACGGCGCTAACCATAGACTATAGCCAATTAGGCTGCTAATACGCACCTAAGAACAG	1
ACGACCAGTCTTGCTACCGGTTTCATTGTCCTATGCGCCTATCATGGGAGCCGGAAGATA	1
GAACCTTCACTTAATTTGTAGAACACATTCACTAGGAAAGTAATCTCATAAGGTTCGGCG	1
TCAAACCTAGCTCTTGAACTGGGGGTTAAGATCCGACCGTAGCGGAGCTAACGCATCATG	1
GATGGTTATCGGTGAAATTGAGCCCTGGTGTCGAATAGACTCTTTGCCGCAGGGTGATCA	1
CCCGATCAGCACTAGAGAATTCGACTAGCATCTTAGACGGTGCAACGCGCAGTCGTGGGC	1
ACGTGTGCGGTAGGGCGGAATGGCGTGGTTACTCGGCCATCGACATGTTTAGAGAATTGG	1
AATCAGTGCACCCGCACAGACGCCTTGATTAGCCAGATGGTGCGAAGGACTACCAGCGGA	1
AGGCGAGGTAGAAGGTCCTGTATCTATACGTTTGTAACGGCAAACCTTGTCGTCTGTTTC	1
CCGTCATTGGCAGGAATCAAGTCGACATGCGGTTGGAGAAATTATTCCCTTCAGTTCCAT	1
TCGATAAAGCAAAATAATAGGTATCGGGAGCCAGCGAAGTTAACGTGACAGCCCGGATCC	1
AGTGACCCTCCCAGTAGATGTGGCGGCCCTAAACTGCTACCCACACAAATCGTAAAACAG	1
TCTGTCGGACACCACATTATGGCCCGGCACTTATCATAGCTAGAGGGTCCAACTACATCA	1
GTCCTTAAGAGCCGGCTTCCAACTCTAAATCGCGTTGACTATCGCGTAGTCCTAGAGGGG	1
GGCCACAGATCAGTACTGATAATGGCGGCTCGAGATCCCAGTCTAATTTGCTTTTCGCGG	1
TGTAGTTAGGGTACGGGTCGTCGTTACTTACTTTGCAATAAGCATATGATGATTATGCAT	1
TGCAATAAGGTGTACTGTCCTATGCTCGTGGAGCGATACCATCTACCGTCTTGAAAACTA	1
GCAACGAAAAGTTGGTATCCATCCCTAGTAGATAGGTAGCTCATTACCGTGTAACCACCT	1
ACCTACGCTGTAGAGCCTGAGGCATGTCCAGCGCAATCTCAGTGGAGCCGTCCGCTTGAC	1
TTTGTTCCGTTCAGTGACAGTTAGAATTCAACTGCCGAGAGGACTTTGTTCAGCGTATGC	1
TGTGACAGCCGACTTGTCTCAGCGACTAGGCATTATTACCGACAGTCCAGTAGATCTACG	1
CCTACGACGGCGTGGTCATCCCGATAGTCTGCACCTCGGTATTGTTGATGTAACAAGTTC	1
GACCACGGCTCCCGGCTCGTGTCCCCACATGTATTTGATTAAAGTGGCGAGGCTACTTGT	1
ATTCTTAGATCTCATAGAAACAGTTCCTTGTACCAGGGATTCGTCGGCCAACAGACCGCC	1
AGGTTATTAGCCTCGAACATGTCCTGGAGGGAGAGTAGGCTTCGCGACATTTGCGCCCCT	1
MBSMVNYNKHHWWSNNHDRNYKNKNSNYHKNVBKRYNNWYMMNNNDDNNBVHNSBYVBNN	1
CAGGGGTTGGGGCGTAGCCGCATTGTGAGTAAGCCCCTCCGGCGCACAGCCCTTTTGCTG	1
GTACTAATTGGATATATGGTGAGTGCGCGTACGGTGACTCTTCAACTCGGCATGTAAGCG	1
GCCGGAAAGTACATAGGGTGGACATTTGACGGTCTGCTTGCTACTAGCCCAGGGAGCTAT	1
ATGTGGCTGTCCATGGTTGGATAGGAGAGGCACCCTTAGATGCGGAGGTTGGCGACGGTG	1
TTTCAGGCTTCGAGGTCCTTCATGCCTAAGTCGTTATCCATCTGTATCCCGGCGTGTAAA	1
CCACATTCATGCCGCAGCCGAGTCCAAACGACTTCACATCCCGATCATAACCCATCGGCG	1
TCCGAGAGCCACGGAGGCTCATGCCGAGTCCAATATGAGCTCGGTCTATGCGCCTTTTAC	1
AAGATTGATGGTCGTCTGGTAGGCCCAAAGGTATGTAGGCAGGAAAAAACCCGAAGAGTT	1
TGTGCCAATTAGTGCTAAAGGTCCCTCTGTATCCTGAGGTTCGCTGCAAATCCCCCTAGA	1
TCGCGTGTTCCAAAATAGTATCGTGACCGTGATCGACTTTGCGTCCGGTATTGTACCAAT	1
ATCTTATGCTACGTGTGGTTTCTTCGCCCTGAGTGCCGTATTGGACCCGTTCCGGTATCT	1
SBRDVYMYSMSBYYBHMHWYMNBWNVMMMHYWSNNKNRSKYHDYYBWMMMNBBNBNNNYD	1
ATCTCAGATAATTGTACGCCGCCCGCACGACCCGACGCGAAAATTACGACGGCTTTGGCC	1
GTCTAACACATGTCATTGTTCGGGTTGCATCTATTTTGGTCGTTCACCCACTCGCGTGAG	1
AGACGCCGGCTTCGATTCAGGCCTTTTGGAGCCGGAACCATGATGGGAGTCAGGGAGAAA	1
CGAGCCCCGCGACGGACGGATAACGCAATTTCCTAAGAATACTGCCTCGTTAACTTCCCT	1
GTACCGAATTAGACCTACAGAACTCTCAGAAAAAGAAGGTGTTATCTAGCGTTTTAATGA	1
TACTAATCCGACAAGCGGTAGTTCCACGATCATCCGTCGTTGATGTCAGATGAGACCCGG	1
CGCAACTCCGCCATAGTTATGATGTACCCACCAGGTTTAAGGGGCGCCACACCTAGAGGG	1
GCGATCATTGATAATTTGCCTTTAGCTGTCCAGCGGAAACGAGCCCTTATAGGAGTGCCG	1
GACACACCTTCTTGCTTCCAGGTCCTGCCACACTGAACTATAGACACATCTGTCGGGGAT	1
TGACGCTGGAGGGAATACTATTCAAGGCCGTATGGGCCATAGATCTTCGAACGCCGTACA	1
CATCTTATTGTCGCGAGAGTGTCGAGCAGCAATCTATGAGTATAACTCGGATGTTGCGCC	1
DBNBRWSNKWWDYWBRVSSBNVVKDMVBMBNYKNMBSNNDDNKNWBNNRRWYNWBMNNRY	1
GTAAATCAAATAGATGATGCTCTCTTAGAATGCCAAAAAAGACAACGTGGTTAATCGGTA	1
GATACTGATATAGCCTAGTGGTGCGTGCATACTATTCGTCCCTATTTGAATCAGGAGTCA	1
AAATGAACTTTCGGAAACCGGTATGAGAAGGCGCCCACACTCCCACCATCCTAGCTTATG	1
CAGGGCCAGAGATGTAGATGCTTTAAGCACTGGGCGTGTAACTACCGATCCTGTTGGGAG	1
AACGACCAGATTAGCCATATACGATTAGTTTCAGAACTGCGGGAATATCTAACATCGGCT	1
GGAAGACGACTTTGCTAAGCGTACTCAAAGGACGGAGGAGCGCAACCCAGCACGCGCCGG	1
AAGCCGGTTTCCCTACCATCAACTTACATCTAAGGCTCTCTGGCAACTCGCAACGGAGAG	1
HDYMVSSKNHWRBDNYKRBDWSKHMYDNYKWKNVKSDRNRWYNMRKNNRNNHMVYKMWNV	1
TACCAACTTACCCTAAGTTCGATTGGACGATACTCGCTGATAGACAAGTGGGTAATCCGA	1
GAAATCTATGCTGATCCGATAATGACTAGTCGTCTCGAGCTTGCAGCCTGAGCGATTTAC	1
GTTGAGCTTAACTGCCTCGATGATACGTGATGCCACACTACAGCTCATATATCACATCGG	1
CTCACAAACGTCCGGCTTTTGCGTATTCGAAATGATGAATCGCAAGCGTGGCGTCTGTCA	1
TCAGAAACCGACTACGCGGACATCGCAATAATCAACGTCTACCAATGCTATTCAGACCGC	1
TGCGCCCTAGATGAGTGTGCTGCTTACACCCTCACACTAGGGAATCTAGGTAATGTCATG	1
TGCAGTTCGCTTATGGCATTTTGCAGATGATAGGCACCGCTATGCTTGGATGCGTAACCA	1
GACCGCTTATTGCAACCGGATTAGCATAGATGCAGATTGTTTGGCCAGTGCTGTCTTTTG	1
ACCGTCCTATATTCAACAGGGCAACTCTACACGCGTATTAGAACATTGGCCTGCGAAGCG	1
TAGGCACCCGTGAAATCTTCTTAAATCACTATCGTATAATGACGTCGGCTTTGGAGTGAA	1
ATGACTCTCCCCTCAGGCCATTATACCAAAAAACTCCCAACAGCATTCTAGACCTTTGAA	1
TTAAGTACATACCGCGATACGAGGCTCTGGCTAAGATTTGCCCGGTCTTCCCGATGTTAC	1
TATCTACCTTGGCAGTGTTCGGTAGCTGGTTAAGATTGACATGAGGGCTGAATAAGGAAC	1
AAGCGGCAGTATCTCGACGCCCGTACACATGCACACTAATGTTAGCGTACCCTCAATGAA	1
TTTGGGTTCAGTCCTGTACGTACCAGTACAGTACGCACTCATCCAACTCAGTTTCCCCCG	1
ACTACGGTTAAGCCTTGTGTGACAAAATCCAAGTGCAGTCAGAGGTGTCTGAATGTGTTA	1
GGCCTTTACCGTGAGATCATAATACGCGAAGCCCCGATGACCGCCCCGTCTTAAACAAGA	1
CAGTTCATTCAAGTATTATTTTATGCCGCCTCGTCTGCAGTCAATTTTAGACCATGTCCC	1
GTTCATCCGTCGCTTAAATAGTAGAGTGGAGTTCGAACCATGGTAGTTGTAGATCTCGCA	1
TTACTGAAAACTGGACTTTGGTACGATTGAGAAACGAGCGCTCTAAAGTGATAGTTTTCG	1
TGATTATGATTTACAAGAATGGGGCTGTCGCAGTTCGGTCACATTGCAACTCTAGGTCCC	1
GTAGCCCGGAGTTCACCGGTGTCGCGCACCTCGGACGAGGCCCTTAGCTCCGTCGCATTA	1
GTCGTATGCCCGTCGATCGTCCGGGTACACCAGGGATCCTGGTTCGAACATCATAGTTCG	1
TAGACTAGAGCTAGCCAGAGCTTCTTTAAGGTTCCCCTCGAGATTTTCAGCATTAGTATC	1
TCAGGAACGATGTGGGGAGTTTAATTCAGCTTGGTTAGACATTGAACGGGTCCAGGCATA	1
BMBRRBHRKRNDDDKHHDMDDDNNYDVVKWVWSNBBMRHBDSSDWRDNYNKWSNKKRNSK	1
GAGTGGGGAGCAGAAACTGAGCGATACGGAGTCTCCATCCCGGCGGCAGTGGACACTCCA	1
CGACGCTCCCCACAGCCCCAAGAGTTGGCATTGGGGAGGGCCCACTCGGCGGTTTCGGGG	1
GGTAGGGGGAAAGGGGCAGTCAACCATGCTTAACTCTGCGATACGGAGCGGCCTATTATC	1
AAGTTTGTCCACATCTCGCCAGATATCCGCAAGGATCGAAGGTCAACACTAGGCGCTACA	1
GTCTGGAGGAGCAAATCAAAGCATTAGAGGCGAAGATGGGTTACTAGTTTGCACAGTGAG	1
AGTTCAGGGCCCGCGGAACTCTACGCCGGTTAGGTGCTTCTCAATCGCCGTTTGATAGAA	1
TTATCGCCATCCCCAGTTTAGCGCCTATGTCTATGTGAAATAGTTTTTGCATCCGTGGGT	1
GAGAAGGTTTCGAAGCTTTACTTCATATCTGAATGCACGCTTGCGTCCGGGACGCCAGAC	1
GCCGACGAGAAGGGCAGCGTCTTTAACTGTACCGTAACACCCGCAGGGCGTGGATGGTCT	1
GACTGGGCCCGTACATAGGCTCTTGGGCTACCGATGGACTGACTTCCGCTGTTGGTATCC	1
CTAGGTGCTGCCTCTCTAAGGGATCCTAGTGTAGTCTCGATAGAACGTAGGTTCAATGTG	1
TACGCTGCAACGTTGTTTTGATAGTCGCTCGACAGCACCACTGTCTAATCCGGAGAGTTT	1
TCGCCGTAATGGGCGGCCTTCCCGTTAGCACCGCACAGTCAAGCATGTTGCGCATATCCT	1
ATCGGGAAACCCTAGCCACCTCGTGGGGGCGAAGTGCGACCTAGTACATTGCCGTTGCGG	1
AACACGACGGCAAGAGGCTGCCACTTTTAACGTTACAAACGTGTTTGCTTCCGCCCTCCG	1
GGTCGGCCTGATTCACGTCGGGCTATATAAGCTGATCATATAACTCCTCTGTGAACATTA	1
GAGGCCGAACTACTATGTTCCTTCTGTACAGAGTCCGTTTTCCAGATTACGTTATGTTAC	1
CGGAGCTGTGCCCACGGCGACACGTCAGCGCTACCTGTTCGCGAAGCTCGGCCGAGGTTG	1
ATTTCGAAACTCCTTATGTTTTATACATGCCTCTATGTCGAACTGTGGCAAAGACTGGGG	1
AGGATCAAATCAGGCTCCAACCTCATTTTGGTAGGATGGGTCCACAAGTATTCCAAGATA	1
AGAGAGAAAGAATAAGGCCGCCTGGTCGCTAGTATTTAGCTTTAGACCATTGAATCGCTT	1
GATGCGTAGATGCCGTTTCTCTCTATGTCGGACTCCCCCGACGGAGTATCAACTCAATGC	1
GCACGGTCCAGTGAACCGCTCTACAAGTACGGACCGTCCCAAAACGAGTGAGGGACGCCT	1
TCCCGGAGGACCCTGATTTGCTTGTTACCTGGGTTGTATGTGTCGGTGTATTGGGCTTTT	1
GTTCCACCAACTATGTGTGTGCGCAAAAAAAAAGACGACTCCCATAAGGACAGCCTAGAC	1
TTCGGACAGATGAAGCTTCCTCCAATCATAATGCGGACTCCAGCTCAGCACCCTTGCGGA	1
AGCCCGCACATTTGTGAGGTTGCGCGGATTAGGTAAGCTGAAAGAATTGCAAAGTATTGA	1
NVDKWWWSMVWBHNWBMSNMDMBNNYWSBRSKNYVSMYWWYWBBMWWNKWKNMSVNSNDR	1
CCCTGACAATTCCCACACTAGACAGTAACACAACGTTGAAAGGGCCAAGCGACGGAGAAG	1
AGACCAAACGCCCCGTGGCGTTTACGATCTAAGCTGCGTACGTCAAGTGTAGATTCTGGT	1
CGTTGGTACCCCCCATCTTAATCACTAAGAGGTGGTAGACGCACCTACCCGACCAAGGGC	1
TTCCAACAATAGCGAACCGATACAGGCGTTCCGTCATTAATCCTACATTGATGGCGTCCC	1
GGAGAGCTCTCTCCTTGATCTCTGTTCAGTGGTTAATGGACTGGTGCCCGCTTGTGAGTG	1
CGTAGCAGGAATCAGCCGATTGTGGGCGACTTGCCTGTAGGAGACGCCGTTGACTCACTG	1
CAGGACGGTCGCCGCACTCAGCACGTACGACGCGACAGCATCACTAAAAAGACGCTAGGA	1
CAGGCCAGCGAATGCACATCCCCGTTGGTACTAACAAGCATCTAGAAGATTATAACATTC	1
GATCGCGGCTCCGTTATGGAGCTACGCCGAGGGTGGTCCCAAAACAGTAAAGTGGAGTCG	1
ATCTAGTATGGGGCTGTATGCTAAAGTGGAGGGCAAATAGAAGCGGACGTCACTACGCGC	1
TGAGCATTTATAGTAATCTCTCGGCTGCTAGCCTAAAAAACAGACATGAGTGCCGAACGC	1
GGTGCGATGCGGGGTCGGTAACCTCTAAGTTCCCCAGAAGCACATCAGCTTTCTGCGGAG	1
ACAACGCCGCTGCCACTTGGGCCTTTACAGTATTCGGCCCCTCGGAGATATAGCACCGCT	1
CAACTATAATCGCCTAGTGTACCGCGTGCCGACTACTCCAATCACGATGAAACGTCCGTA	1
GTCAGGGTGTTTCGTTACGTTTTCAGTCACAGAGACTACATCACATTAACGAATTGCATG	1
GTAGTAGCTCATGGCGCCCAGGTATCCTTTAATCTTCATTAATCGTGATTCGAGACGTAG	1
ATGACTATTGGGAGGCCGAAGTAGGTTAGACGATTTGTCCCGCCTCCCTGGACAGTTTAG	1
CGCGCCACGCTACCATGCGTGATGTACGGAATACGTACTAAAGCCCCTTCGCGTAGACAT	1
ACAATCCCGCTCCAAACGGTCGTGGCTGTTCTTCGAGTGAAGTATGGCACAATAGTTTCC	1
CCAGACGTGGCAATCCGGTTTTGTGTCGTTCCCCGCATCGCTCTGGGTAGCGGTTTATCT	1
TCTAAGATCCCCCACCGTCCAAAATCCAGGTTCAAATGTCATGCTCTTCCCTACCCGCGA	1
GTTATAACGGCCGCAGTGACAGTCTAGTCACCACTCGACCATAAAACTGATCCATCAAGA	1
TGGGTCCCTGTGCCACTTTTATTCCGTTCGTAAAGAAGGGACTCTTTTGGCAACCCCGTC	1
GGGGTATGGCAGCAACCCCGCATAGTTATGGTCAGCTAAATTCTTATGACTATGGCGTAA	1
ACTTTAGACCCACCGTGCTCGAGGAGGCGGGTGTTCAATCTAACATCCTCGACGTGATTA	1
GCGCGGTCAGTCTCCGGTAACAACCAAGCACGGGCTACAGTTTCTGCGTTTGTATTGTAT	1
TAAAAGGACCTCCTGGCTTAGTTATATGTTGACTTCACAGGGTGTCACTTCGGCGCAATC	1
TGGTTATAAAATTCCTTTTTAGCCTCGAATCCTTGAAGTCCACTGATTGCAGCATTCCAC	1
CGTTCGCTCGTGACCTCGTACAGGCCGAGCTGATCGGCGGCGTACAAATTTCGTCGTTCA	1
CATTGTGGACGCCGGTTGATGAGGAATAAATTTTAGGTAAGGAGTACCCGAATCGAACAC	1
GACAAATACACGCATCTCCGCCGATTATTGAATGATATTTCCTTCATGGGTCTTGGTAAT	1
ATACAATGGCATGAACTCAGGCGTGCCGGCTGTAATAGGAGTCAAAGGGATGGGGGAGCA	1
GAGTTGCTTTATAACTACCTTCGGATTTGGATTACTGCTGACAAACAATTAGTGTAGACA	1
GAAAGAAAGCCGGGACAAGCATTTTATATGTGGTCAACGGTTCGATCCTGTCGTTATCAA	1
GTATAAAGCACGGGAAACTTACCTATATGTCACTAGCAAAGCCGGACCTCGAAATCGCCG	1
ATACATCCTTTCTACTACCCCGGTTCAGATGACCGCAATGTCTTAATAAGGGATACCCAC	1
CTAAGCTGGCCCAAACCACTGCCACGCGAACTGCAACGTGTCTGCTGCGCACCCGTCCCC	1
CACCTGCGTAGATCTTTCTGCGCAACACTTGCGAGGTGCTACGGACCCGTTTTAGGCCAA	1
CTATCCTATAGCCCGTTGACTAAAGAGTATATACTAGTTATGGTACATGACAGCTCCTTG	1
CCATAAGTTTTGACAACGAACTGGGGACTGATATAGGCCTACTCACTTCGTCGGGCCTCC	1
ATCCGTTAGTACACCAAAGCCGGCGGAGAAATGGATGGTGTGACCTACAGGCTCCGCCCC	1
NNNRDDHYWMKVYHKHMNSHRKMSMSWSMVWNVVVDKHHNYMNSDNMKSKHKWBYNKBHM	1
TTCGTAACCGTCCCGAAGTTAGATACTCACTCCGTAGAGGACAAACTGTTAGGCAAAATG	1
CCCGCGTGTATATTGTTATTAGCTTAGGTCCTACGTGAAAGTGAAAATATTGAAACCCTG	1
TGTCCGCCCGTCTAGAGGCCAAGCCTCGCTTCCGGTTTCGGTGTAATGAATGATGACTAG	1
GAAGAACACCCACCCGGTGAAGAGCACCCGCACCTTGTAATCCCAGACATGCGGCGGCCG	1
CAAGCCTCGTACGGTTCACTAATTATCGTAATCCCCTGAAACATGTGAATAAGTGTGCGG	1
CTCGGTTAGCAGTTCCAGAACAACAACACGTATACTTTCTTTAGGAATGGTCGTCTGCGA	1
CGCTAGGTCTCCCATGCCCCTTGAGTGTAGACGCTCTCCGACAATACCGTTTCACTCCCT	1
AGTTGAATGCAGGCAAAGAGGAACTTGCCTGGTGCAACTCCTGATGCCATGGAGGCGAGG	1
GACGAAGTAATATAACACGATATAGACCGCTAATCAACTACCAAAGGAGCTACTCGGTAC	1
TAGAGTTGTTGGCGTGGAAGAAGGCTAAACCCACCTTAAAGGCTGAGGGGAATACCCTAC	1
CATTTTACGCGGCCAGCGGTTATGGGTCGCGCAGCCAGTAAAGGGCGGTTTCTTTGGGCC	1
GCGACATGAAGATCGGCGTTAACCGCTAGGCCGAATATTGCATGCGTTACGCTCCTGGGA	1
CTGGGTGGGCCTACGGGGGCAATAGCCCTCCCGCGTGACAAAGAAGTAGGCGTTAATCCA	1
GTTGACCACCAGAGCTCTAGAATTTACTAAAGACGTTATCAATCGCGATAAATGACCCCT	1
AAAAGAAAACAGGAAGCCTGGGATACAGATAGAGACCCGAACGGCAAAGTGGTCTCGCAA	1
AACCTGCTTAAAAGGGTGGCTCTTTGCTATACCGACGATTCTGCTCGACATTGGTCAAGT	1
AACCGTCAGTATTTGAAACGAGTACGGTGGCGCTAGTGGTCTCGTGTGTCTTCGGTAAAG	1
AGACCATAACAATATCATACGCTGAATAGGGGTTGCTCGCGGGGTCGCCATCTCATGGAC	1
GATTTTATACGTGGACGAAGTCCTCTATGGTAGTCCGTGTGCTTTCGGCATCCAAATCTT	1
AGTACCGAGGAAACTCATTTCCCTAGGTAACTTAATTTCTGGGACATAATCGGCATGCGC	1
TGTGTTGTGGAGAAGCTTCATCACAGATGAGGGACTACTATTTTCTATCACTGCTTCAGT	1
CACGCGATAATCCCATCCTCGTTCCTGAGACGGAAGAATTCGATTCGTTTCGGAGCCGAG	1
DWNMNSKBYNYSNDWRBHNYWMRMWVDKMBKYMRVSRVMNWNVKNNKNNNHMKDDKNMNV	1
CGCAAGGCTCCCCCTCAATCATACCCGACATCGTTCGCGGCCCCTCACCGATTCTTCGTG	1
TATCTGTATTGGCAGCTCATGCCACCCTGCAATAGCAGCCATCTGGCCATCAACATGGTC	1
GCACGAGGACCCAGATTCCATTGGGAAGGACTACCCGCCAAGGGGATTTATCGGCCCGTT	1
GAAGTACATTTTTCTACTACTAAACCGCCGGATCCTGTCCACGGCCCCTGCCCATGCTCA	1
RHMYKBDBHWNMNWYWYMHRYVSMMNNYVWVWSSMRKNVNMKKNWSNVMHWSNDMYNNRY	1
ACAGAACTATATCGCGGGTCGAAGAAACCCCTGACATCAGACGAGGGCGATCTTCGCATA	1
GGCAGTTTGTGCATAACGCCCCGTGAAGCAGATAAGCCGCACTTCCGCGCATCTGATACT	1
TCCTTGCTTTCGACATAACTAAACAGAAAGGCCTCGACGTCGAAAAGCCGTTGGATGAAC	1
TTGTATACACGTGGCGGCCGCTTGCGAATGTAACCCTCTAGGCGAAATCTCATCGACCTT	1
GCTTACGACGAGCAATGACTGCTAGTACTAATGGCCACACACTCGGCGCGGTTAGTGGTA	1
GTATCCTTCATTCCTGCTCACCCATAGGGCAGGAAGACGACCAACCTGGAAATACTACTC	1
GAACCTAGCCCATCCGTCAAACAATAGTTAACTCGAATAGCGCGCGTATGGTCTACCCCC	1
ATTTCCTTATTACTGTCCTTCCAGTCTAACTGGCCCGTTGGTACCCACACGGTCAGTATG	1
GATGTATAAACCACAGTTGGCCTAGGAACGGCAATTATTAAATTATAGACCTGCAGAAGG	1
GCACGGTAAAACGTGCCTGCCACACGTGGCTGACAGCATCCCACCTAGCAACCTACTGGG	1
TCCCAGGCATCGAAGAGCCCCGTCCGTGAACTTCGCACGGTTTTCGGTCGCCATAGACCT	1
CGCTGCGCCTATCCTCGTATGCGAATTGTGGTCCAACAACCTTCTATTGGCAAATTCCTG	1
CCTTAGTTCACCGCCCCGAAGTTAGAAGAATATAGTAGTCATTAATTATCCAATGAGACC	1
GAAGTGGACCTTGACTATCTAAACCTCCTTGAATATCGTAGGGGAATTTTGATCATGTGT	1
CGTCACACTGAGAAAGAGTGGAATAGCGACTTAAGTAAGCGACCTGGAAGTAGGCTGTTT	1
ACCAAGCCACATAAACCATAGTTGAGGTTGAGTACATATTCGGTGAGTTACGTTTTCATT	1
TCACAAAATTGTCATGTGCATGCGACGTGACTTCCTTTCAGGATTTGACTTCCGGTTGGC	1
AGAGTACGGAGAGGGCGTCCTCTAAGTTAATGAATGCGGCAAACAGGGATGTTAGATGGT	1
GCCCCATCAGCTATGAACTTCTGGGAGTGTAGCTGCTAGCTCCTAGAGCTCCCCTTGACC	1
ACGCTGTCGAAGATTAATTTGTAAGCAAAAAAAAGATCCAAGTTCCTCTTATCAGTCAGT	1
GAGCGTGTTGACCGTCAGAGCACCTCCACAGTCAGAAGTCCTGAGACGACAAAGGGGCCG	1
YKNYVDNNDHVKNMHHRRWMNHNNVMVHNNMVYHKNKWYYKRHNNVBWNSBMRDYNDHVM	1
GGTTAGGGCGCATCCCGAGTCGATAAGCGACCTCTTTTCTGCAAAGGTCAGTGTCACACG	1
CCACTAATCGGACCCCGGAATGAGCTTTAGAACGATGAGCATCACACTTCGACAACATTT	1
NRRDSBWMBMVRRBKYWNDKYYBBMMWDDWSVWVWRBDBYHVMMDNYYSVSNRDWBBNSV	1
TATGTGTTCATAGGTTTCTTAGCGGAGCATCTGGAAAGTATCTCTCGCCGTTGTACATCA	1
GACACTATATTTGATTGATGTTGTTTCTCCCGTCAGGTAACGGGAGTATTAATATCTCAC	1
VVVMNRKWRHYYHNHWVBBMRBSWSDMKHRKRMBBBNYSHDKWVDHNNBKBNNWRKMMWS	1
CAGCCCCGCAACTAAAAAAGGCAGGACAGTCGATAAAGAAAAGGAAACATCCACCAGAGT	1
GGAATTCACGAACAGCTACATGTGTGCTTGAGTAACTGCCGGCTGATACGGCGCGATGCT	1
GACGCTCGTCTGCTGAGAACCGCAGATACCGCATTGGCTGGGATTGGTAACGGATTCGAA	1
AAGGTTGGGTGATGCTCGTTATGAACCAGTAAAAACCAGACATACTGGGGCTCCATGATT	1
ATCATCTAAATCGAGTTCAAAGCATGTGAAATCAAGAGAGTTCAGTCAGAACTTGAGTAT	1
CACCAGGGCCGAAGATCGGTGGGTGCATAGGTTGACCGTCACTGTGTCAAGAGACCAAGA	1
ACCGTCTATCCTACTCTCCCAAATACTGCCAATGAGGAGGCGAGCACTTCGGGTGTTCTT	1
GCAGAAAGCGCGGAATGGCAGATGGACTTGTACGGCGTATTCCTACCCACCCTAAGCTGC	1
CGCACCACCGCGCTGAAACCCCATGAAGTTATTTGTCTCAGGGTAATTAATATTTACAGA	1
CCACGTTGGCTGAAAATCTCATAATCTTTGAGGACTATCTGAATGCGTATTGGGGTGGAG	1
TTAGTTGACCGTATTGCGTGTTAACCTGGGAAATCCGGCTCTAGACACATTTTCCGTGAG	1
TGAAACCTAGGATGGTACCTGCAATTTGGGAGCTCATTGACTCTCACGGGCCGTTGGCAC	1
ATTGAGACAACCGGCTTAAGGTAACCCTTGACTATGGGGTCTTAACCCGACTTCCTTGTT	1
TTAACTACACCAGGCGGTTTATAGACGCCGTAGCCTGTGTGCCTTAGATTGTGTTGTCCA	1
TCTCTGCAACATACTATGCCTTAGATGATGTGTCTTACTCATAGGCGCAATGGGTGATGA	1
TCTGTCCCACCGCCACTAGGCTTTGACTCCATACCGATGCAACGACACGGTATAGACCGG	1
GCACCTTATATCGCAAACATATCTAATGGAATTACGACGATGATTCAGCCCTTGGAACGG	1
GGTAAGGTAGTAAGGCATACGTGTATGTTTGTACTAGCTACCAAGCATAGGAGGTCGTTC	1
AAAGTCAACATGCGTAACACGCCCCCTTTTCGCAGAGAGCGATTTACTGTGCAACTTATT	1
CATTTTATGATCATGCAATGGGCACAACCGTTGGCGCGACTGTGCTAATTGCATCGGGGC	1
CTAACCCGGAATCTCAGGAGCAGGACGCAACTGTTTTTCGACTTCCTACGTCGAGCTGTT	1
CAGACCTGCCTTTATCCGCATAACAAACCCTAAGCCTTGACACATGACCCTTATCTAGGC	1
GTGCGACGGGGCGCCAGAAGTTCTCAGGTCAGTAATGGCATTCAGCACGTCCAGAAACTT	1
CCGTATATAAACCACGGTCTATTGCGAGGTACTGCCACGGAAGGTCCTTGCAATCCACGA	1
CTGAACCAGTAGGGAGGGATGCCGCAAGGTCGCAATTCTAATTCACCTCAACGCTAGTTG	1
GCTCTTGGAGCTAAAAGAGGTTGGTTGACAACGTCGACTTTTAGTGCACAAAAAAGACGG	1
TCGTACATGCACTGATATTGGACACCCGGCGAGGCGGAATAACGGTCCAATGCAACCCTA	1
GTATTGGTAGTACTTGTCCAACGGGAACAGACGCCGGCGCGACCGGTGGGCGTGCCCCTC	1
CTGTCTACTTCCGCATCAAATCCACTACTGGTTTCATAACCTGAGTTTAAATTGACGAGT	1
ATGGCAATCGCATATAAGAAAACATGGACGAATTTTACCGCGAGCCCCGACACTAATTTG	1
GGATTCTGAGAACTTGGCGTGCGGAGAACGGGATTTCCGTCCCAGGGTCGCTATTTCGCA	1
CTTCCTGCTTACTACTTAATCCTCTCTCTGTGTTACTGTATAGTGGTGTGAATTGTTGCT	1
CTGTGGCGGCATGGGTCCGTAATGGCGTCAGGTATTGAATTAGCATAAGACCTTAATTTA	1
GGTTACTTGATTCGCTTGTCCGCAGGGTCGTTTGGTCTACTGGTTCTACGAGACGCTAAG	1
TTACTCAATGAGTATAGCATCATGGACTCCCCGCTGTTTAGGAATGGTAAGCTTAATGCC	1
TGAGTCTTGCAGCGCTCAGTGGAGCTGTAGGGAGAAATGGAGACGTGGTCCCCACAATCC	1
ATTGCTGACGAACTATCAGTAACCTTTGTAGTTGTGCTTATCAGATCACGTTTTCACACT	1
CTCCGAAGTACTGCGTCATTCAAAAGGCTTCCAAGAGATCCGTCTTCGTTAAGCGACTAG	1
CCAAGATTCCCCGTCACAGGACGCACTTTTCCGACATCCTCGCTTAGGGGTTGGTCGGAC	1
TATTATGTGGATAAGAAAAAATCTTGGGGTAAATGCGCGCCATCAATCCGACTCCGCATA	1
TCTATTAGGCCAACTGAGCACTCAAGTGATGTATACGTTCGGCGTTACGCCCCACGAACA	1
ATTACTGCATGACGCAGCCCGTAGTCGTTAACCTGAACGTGTGACATTCTCATGGTCATG	1
CCGTAGACGGGTCATTGAGCGAACTTTTTCAGGCGCAATGAGTCTCTGTCTGAGCTGAAG	1
VRRDWMHVKVYMDHDWNNDDNWBYWSDBMHHRVBWRNVBYNDRHYRMRWMMRMNMDNRKN	1
AGCGCTTATCTTCTGGTAGTAGCCGGCTGTAAAGTTGGACAGGTTCAATATTCTCCGTCG	1
TTTCATAATTTCATCTGATCTGATCCCTGAAACGTACAGAGCCACCGTGTTACTCCACGG	1
TAGGATCAGTCTAACTAAACAACGGTTTTACAGGAACTTTGGTGCGCCTACGTAAGTCAA	1
GTACGTCCGGATGACTTTAACTCCCGCTCTCTTCATGCGTGCCTGGATCGGTGTACGACA	1
AAAAGAATTCGTGTCAGGACCCGATGGCGCCAGAGTTAGTAATTAAGTTATTGCTATGTG	1
GGTTATTGCGGTATTTATGAAAATAGTCGGGACATGGGCTACCAGCCATGAAAGTAACAG	1
GCACATGGACTTAAGGCCATAAGCTAACAGGTATGCAAAGGGTGGATGCTCTTAACCAAA	1
ACGGAGCGTCGCGTACGACTTATAAATAATTTGGGCAACCTTGAAATTAACATGTCCTGA	1
TCATCCGGCTCGCTAGCACAGCATGAGGAGGACCTTCCAGGAGCCCCTGTCTCTCAGTAT	1
GTCGTAATCCCCGTTGAAATGTTAGAATTACTGATTTTCAGCAGTCTCCGGGCTACCGGG	1
ACCAGTACCTGCATCACATGCACTAAGGTCTTGAGACTCTATTCAGTCGAACAAAAAGAC	1
TCCCCAGCCTGGGTCGCGAATACAAACAAACCCCACACGGCTCTCCCACTTACCGGAGCA	1
AAGGTTGCCGTATCACGAGCCCCTTCAGTCGGTTGTACTGACAGCCGGCTCAGTCCGGGC	1
AGAAACCAACCCAAAGCATTTCAGGGCAACCAGGATGTAACCTGGGTCACAGCTCTAGGC	1
TGTGTGCCGTTATATCAGTAACGTAAGAGCCAGGGTGCTTACTTTCGATCATGCAGACAT	1
AGGCTGAAGCAGTTGACACTGTTCACGAGTGCCGAGTTAACGACCGATAACCTTCAGATT	1
GCGCACGCTCCTTGGAAGTTTGTCCGTATGACAACATACCCACAGCCTTTCACGCGCGGC	1
CCTACATGGTGCGAATGTGGGAAGCCCGTGCGGTCCGACAAGCTCAAGTAAGTATCAACC	1
CGTAGGAATGTAGTTGTACAGCTGTATAGTGCTCCTTGACCAGGGCAGTCTCTTTATAGT	1
AGGGGACCTCGGATGATCCGTTTAGCTCCTCCCTTCGGTCCTACTCAGGCTGTTTGCGAT	1
TGTGTGTGCGATCATAGCAGTTTGTAACCGTCCCCGCTGAGCCCACATTGCCGTGGACAA	1
TCACACGATTCCTTAAGTCTTAGACAAAGGAACGGAACGGGGTTGCAACTGGTGCGGTAT	1
CTCGAGTCGAGGAGCGCGTACGCTTAGTGCAATCAGGTCACTTGTAGTTCAGGGACTGAA	1
ACGTACAGGACCGCTTGCCAGGTCTGGCGAACTATAGGCGTATCGCTTTTCTATCTCCTC	1
GCACCGGTATACGATACGCCTGGAAGCCTCAAATAGGCGGAAGGTGGCTATAAATGACTA	1
CTCACGGGCCCCTACGGTAAGTCCGCACACCGGTCAGGATCGTGAGGATTATATCGATTT	1
TGGCATCAGTTGTGGGGAGGGAAAGCCGTGTGCAACGTGATCTGCCTCACTCAATCAACG	1
CTTGGATAGTTAGCGTCCAAGGCTCGCGGTTAGGATGACTCTTTTCTTTTTCAAAAGGCA	1
GGTACCTTACGAAGCGTATTATTTCAGTAAACGGGGGAGTGGGCTCAGACACACACCGTG	1
GCTCTCGACCGGAGTAGCGCTTGAATGTCGTTGCTGATTGGTTTTGCAACAGAAGCTCGG	1
GTGACTCTACTAGATCGGAAACACAAGTCAGTGCATCGAATGTTGTTATGATTCGGTGGT	1
CGGTGATTCGAGCAAAGTTTGATTTTAGGGCTTGTCTCAGTACACAATTGCTGAACTGCA	1
NNWSKKKKDKBRHSNYRKNNRBSSSRYHHNRWBYWMDMVSVWDVMMNDSRHWRBVYRNVR	1
GTTTGATAAACCTGTGGGGCGTTCGCTGACAGCTTAACCGCACGAGAGATGCGGTGGGGC	1
GAAGGGACGCTCGTTCTATAGACTGCACTCTTTATAGACCAAAGCTCCTGGAACGATAGT	1
CTCTCGGCCCAACGTCCCTCTTGCGAAATTGTAACTGAGCGGAGCCGCGGCGATGGGGGT	1
CGTTATGGCCAGGAGTACTTTTAAACTAAAGAAGGATTCCTAACGTAGGTATTCGTGGCA	1
CTCTTATGTACTTGCAGGATAACAAGCCCAAAAGATCTTCATCTACCGATGCACCTGACA	1
ACTTGGGCTTCCCGGAGATGGTCTCTAACTGTGCTTCTATAGTTTCAAAGACGTATTCGT	1
TTTATGCCACGGTAACATATCCCTTCGGCGCTCAATCGCGAATAAACACGGATCATGGTG	1
ATCATAAGATCCAGACCCTCGGATAATGAGTGACGCACGGCTCCGATAATTGAAGGATAG	1
ATTAGCGGGACCTAGGTCATAATGAAGTATTTCAACTAATCGACCAAAGCCCGACCCTGG	1
TCGCAGCCGCGAGCAACACTAGGTCTTTTCCTCAATCCATATTTTACCAGTTCGCCGTGA	1
TCGCTGCTCACGTCGGGGTCCAGGCAGGGCCGGTTTGGATCGCGCTGGTCGTCCTCAGCA	1
TGACAGAGAGCACCGTTCACTCTTTACCCGCCAAGGCTGAAATTCTTCGATACTACTATA	1
CAACCTCTCCACAGAGCACAAACAGGGCAACACTATATCGTACGTTAGCAGATAAGGACA	1
CTACCTCGCCCTCCTGCACGTGTAAAACCTTAACGCCGAGGGGTACATTTATGAGGTCAG	1
TTACGTACAGCCCATAGTTCTTCACGGTCGGGTAAAAGCATAATTCCCAAGTGATACAGG	1
TACTGATCCCCTGCAGCGTGATCACGGCAGTGGAGGTTCCGGACCCAAGTACCAGTTCCC	1
GGACGTGTACTCGGCCATTGAATACACTCGGTGCAAGGGGTCAGGCTATGCTAAACACGG	1
GTCGTCAACGGACACTGAACGGACATCGGCATGTGGAGTCCTGGAGGGCTAGGGCGGGGG	1
GCGCAAAACCTGTGCTCTAGCTAGAGGCGCTCATAACAATAGATTCTTGGGTCATCGCAT	1
CTAAGTATTTCCGAATTAACCCGTTTGAATCGATTTGATTATACCCCAATGTGAACCCCC	1
CCCCCTCGTCGATTGGGGGATCTGAGCAACTTACTTGACGTGTGGTACGTAGGTTACTTT	1
TTGTTTACCCTTGAAGACGTTGGGAAGAACTCCTGTGACCCTTCCACTCCTTGTCGACGA	1
DVNMNSKYMRNDSWMWVSDYYSKHKRDMNSNMNSVDKVKNKMVSYHBRNMDYNHRMVSMD	1
AAGGTAGATTGATACAAAAAAAAACCCGCTGAACAATACAAGCGTGTTTCACCCTTACAC	1
GGTAGCCCTAGTCCTCGACGATGACATCTTCGGTCGGTTCGGCCAACTTTGCAGTCACTC	1
TGCAGGTTCGCCCATGATTTAGGTGGTCTGCCGCTTCCCCGTACCTAACCATGGGTTTTA	1
GCTGTTGGGCGCAGCCTCAATACAATGTCCAGGGGAGCCATTTTAGAGCACAATTTACTC	1
TGTTCCAAATATCCCCCGCGCCTCTATTCGGGTACGTGTATCCTGATAAATTTAGGGCGG	1
AATCTTTCGTGAGACACGTCTTGTTAGGTAGGTGAGTTGAATTTTCTTGGTGAGCGGAGC	1
AAGGGCCACTCTGTGTCGATATTCATGTTATCGTGAGACATAGTGCCACGATACATCTGC	1
CAGTTACGTCTTCGGCCCCCAGTGGTCGCCATTGAGTAAGACTTGTCTTCAAGGATTTGA	1
DMKDSBNKNRRWBSMWRSBDVNNSDNWSYHVBDNNWYNYBYNRSNSNWYYSNYMBNVNYY	1
CGCAATAGCGAAAAGAGGTACCGCCTTCTCAGGGCGATCACCATCACGGCCGGTTCACGC	1
WBNHKKNVNKVRSDNKYNYMHDHNBNNHNKHWDWWNRRNNNHSNKVSDHYSMNNWYKMVD	1
TTTGCTATACTCGACCCTGTAACCTGGTCCTGGATTTCCCTAAACACGCGCCTCTTACCG	1
TTTCACCGCAGCACATCGTCGTCTTTGCGTCATCGTCGTGTACTCCCAACAAGGATGAGC	1
GTCATCCGCCATGGGCTGTCTTAGCGAGTCCAGCAGTGTAGTCATGCAAGTTACCGATAA	1
TTGGAAAGATACGCAAGCGAGACGTTCATATTTTTCGGTTACGCCGATAACTACTCATCT	1
TGCGGAGACGGTGGAGCAAGAGCATAAGAACTTTGAGGTACGACGGGGACGGATTCCGCT	1
CGGCTTCCAGAGGCCAATGATCGCCCTTAAGGAATTGAACAGTTCCCACAGTCTAGCTGC	1
DHMBKNVBMHNHKVKNYKMYWKBDMNNYDVWWWSRVNMHSMKDNBHVRVDBRWNNHNYWM	1
TTGCACCTTACGATCCCACCATAATACAAGGAGTAGAATACTAATAAGCTATTGGTATTG	1
ATCAGCTAAGCACCTCACTTTGATTATGAGGGAACGGAAGATCCGGCTCACGTTTCCAAC	1
AAGATGCACTTACGTGCACATTTTGATTGACAAAACGCACTTACGCTTCCGTTGCCTTGC	1
ACCTCTGCGATGTCAAACCGCCACAGCAATAGTACTCGGGAAGTAAACATTTGATGCGCT	1
CTGCAATCATATACCGGCTCCCAGGCGGTTGTCCTTCTTGTAGGACATGAGTTCAGCGGA	1
CTAGCCATATGGGGTCTTTTCGAGCGTTGCGCATACTACATTAACCTAGCCCTCCAGAGC	1
TCAAGGTATGCTGCGCGCTGCGAGCTCATTGCGGGATGCAGACAGTGCCTTGGAATCATA	1
GAGGACCCCTAGTTGGTTTGATCCCACTTTCATCGTCAATCTTTTTACCTCATCTCGGGA	1
GGTGATCTGTTATTTAAAACCTATACAACACGTTTCTTGTTAAGCTATGTCTGGATACAT	1
TATGGGCGCCCTGCATTTAGATCGGTAGAGATTCCTGGATGAACTTTGGCATAATTGATT	1
TTCTATGTGTGATGAACAGCCTGATACGGGAGTCCGCCCGGCTGACTAAGATTCCTACAG	1
GACAGGCAGGGTCAAAAGACACCGACAAGGGCCCAAACCTGGGGTTTTACACCTGCACTG	1
GCCGGGTCAGAGGACTTCTTTCGGAGCCCCCGAGGCCGTCTAGGTCCACTTGAAGGAAAT	1
CTGACCCCAAACCTCTGGATTGACATGGCCAAAGAAATCAATAGAGCTACCTCGGCGGTC	1
CGGCCAACCGTAAAATCAATGTCAACCAGTCTAACGGATGTACTCAAAACCTCATCTTTC	1
CCGTCCGACCCTCTCGTAATCGGGGCGTTCAAGCACAGGTGTGTACAACGTTATCGGCAT	1
AGCAAGAAGCGATGAGGTACGATTGCACTAAAGAAAAGGCGCTAGGGCATTAGCGGGACC	1
ACGGGTCGCACAGGGATGCCCTTTTTTAAGTTTACGTTATTCCAGGTTCGGACAAATTAG	1
ATCGGCGATCATGCGAACCACGAGCTCCAGTGTTACGACGTATCTTCGCTAGCACACATA	1
GAGGGATAATATTGAGGCCCAGAGGGCGCCATAGATACAACAGGCTAAGGACGTCGAAGC	1
GCGCCCTCCAAACACTAACAAGCCTCAGCCCTGCGGCAACAGGTCCCCAGGAGGATCCGT	1
CGTCACATCGATCTTTTATAGACGGTGACTGACCGCCGTCATACTAAGATAGGTAACACG	1
GTTATCCCGTAGCAAAGGAGACTTCAAGAGCACAATGTATCCATGCGCAATTCTAATAAC	1
CAGCCAGTAGACGCATATGTGTCTCGACGAACGACGATTGTAGTTGACCCTTTAGTTGCA	1
TGCGTAGTGTTACTCCTATAATAGGCGGCCCCAAATACACTATTTGTGGACTGCCCTCGT	1
CGGGCACCGTACTCAGAGAGTCATCCCAGTCAAACTGACGCCCTTTAGGGACGTTGTCCA	1
TATAAAAACTTCTCCTCTCCGAACGTAGCAAATCCTCCTCCTTGACCACTCTGAACCTCA	1
TACCCGGAATCATAAAGCTTGCGCCGGTCAAGACGTTGCATCCCAACCTTTCGGCCTATC	1
CTCATGTGATCGAGCACTTCGGGTTATACTGGGCCCATAAGGTTGACTCGCTCGATATCG	1
ATGGGCCCGCACGACTTAATCACGCAGGAGTTTCTACAGCTCCCATTAAAGGCATTCACG	1
TTAGTGCCAAGTAGCACGAGTTAGGAGCGTGTCCGGCCTAGCACCCAGATTTCCAATCGT	1
AGACACCAAAGGCCCAGAGCTTCGACCGGACTGGCATACACAGAACTGGTAAGCGTGCGC	1
GTAAGTAATTCGGCATTTACTTCACCAGCTTTTTCGGGGATTGTTCTTAAAACATACGTC	1
CAGCGTAGCACCAGAGTTATTAGTAAGTCACGGGCGAGTCCACACGGGGATAGGCTCGGC	1
CCAAGTTCGCGTTAGAGGGACTGCGCGCAATGCGTGGTTATAAGACTTGTACGCCTATTC	1
TAACCAGAAGCCAGAGGTCCATCGGCACCGAATAAGCCCGATGCGCTATTTACTGGTCGT	1
NWKDWMDYYKNMSMYNMWNMMDDYMYMNRSSYYSHNDNNNYBKNDRDKYRRNNMSHMNND	1
GAATTTTAATCCTCAAGGGGGGCAATAGGATCGGTTGCCCATGAACGTCATAGGTAGTCA	1
GGATACGCCAACAATGTCCGCAACTCTTTTGGGGATTGCGCCGTATCGAAGGCTGACCGC	1
CGTAGGGACCTTTGCTATGGCCCCGTGGTGTCTCACATCGTCACCCAGACAGTGCTGATG	1
ATGTTCAGTTCGATTTCGATTAAGGCTCCAATCAAAGAATGTAGGCATCAACCACTAGCA	1
TGTGGTGCACAGTGGTATTCCGCCCCGGACTGTAGTCACGTTCCTACCTCAGTTGGTTTG	1
GCTGCATATCCTATCAGAATTAGAGACGTGCTCCGATACAGACTGGCCACTAGACGCGGC	1
CTATAGTCTACACAGACACGACAGACGTTACAACTTCTTTAACGTGATGAATCAATGTAA	1
CTAGTCTTTAAATAATAGAATATTGGGTGACGTCGCGTCGGTCACCACGCTTTGATAAGC	1
TTCCAGCGTTTATGGCGCGACGCCTGTATCCGCCCCAGTGCCTCGCTTGCTCTAAACCAC	1
TCTCCAGTTCTGACGCCTGACTAGAGGTGTAAATCGGTTGTCAGACTCACTAGGGACCGC	1
GATGAGGGTCAACCAAGCAACATTTGATGTTGCTGGCGCCGCTAGTCAGTTGTCGGCCAA	1
WDSNNMSBKNNMBMNHMRWMHKBMYVNMKNDYHBRWMVYWNHWKSDNMSKBKNDDMNBKY	1
GTGGCGTGAACAACACTTGAATAACTATACATCCGTGTGACTTGATGCCGGTATCTTAGA	1
CTATGCTTCTGGCTTGTGACCTAACCTCAATTCAACACTACACGTTGCGTGCCGGTAGGA	1
AACCACCTGATCCTCGCCACCCGCTCTAACTGAGGACGCATGTAGGGATTGTACCCTCTG	1
CGGTCCGTCATTGACATTGGCCGCATCGTGATTTTTCTCCACCGTCCGCTGACGGGCTTC	1
ATACTGATCGGAAGCGAAAATTTGAGCATAATCAAGTGTGCACGGGGATTTTCCTGCCTA	1
GACCACCGCGGTGTCGGGGCAAGACTCTCCACAGAACCCGTATGTATCGCCGTCGGAGGC	1
ACTAAAGATCACGATGCACGTAGTGGTTTTTCGGCCAAGTAGCCCGATAAACGTTTACGC	1
ATCGCATGCGGTTTGCACGTATCCGGGTTCTAATGCTACGATGCATTGGCTGCGATGTCT	1
NBNDRKHWMRDHWBNYHHNNHNRNWNSDNMWSBSNNMNWYNWHVYDDHYRMYDWBNSBNN	1
TAGAGACCTGTTACCGGTCTTTTGAACGAGTGTCAATATAAGGGAGGATAGGATCGATTT	1
TAAGGGGCGGTGCGCTTGCCGCTCCACCTTTAACAAATCTTCACCCTCGGAATAATGGTG	1
TTTGCGATGACCGCATAATTGTCCAGCTCTTGTCTCATTTGGTATGAACCTCGTCGATTG	1
GTTCCAGCCAAGGTACGGTTTGGGTGCCCTTGCCATTTATGCGTGTTGTCCGGCCGCCCG	1
TCGCAGATCTCCGTTCACGTGTTGGCTTGGTGCCTATCAGCTAGGGCGATTAATAACACG	1
TCAGAAATGGGTCATGTTAGATTCGTTGCGCTAACAACAGCTACGTGATGACCAGCCACC	1
AACTCTGGTGTTGAAAGGATAGCCCTATTTACGCCGCTTTAACCACTTTCTTAGCGCACA	1
CTCAGACTGATCGACACGCTACCCGACTCGGACCACGGCTTCAAGGGAGGACTCCACGAG	1
CCTAAGTCGGTACGTACTCGTAGGCGGCTTACAGATGCAACACCTCTGTACAATACACAG	1
TCTAGGGGGGAGGCAGCGCCGCTCGTTCACGCCCTTTTGATCTGTGGAAGAACACCGATT	1
AGCTTAACATATGAACTGTTACTTCCCACTCTTAGTATGAGATATATGTCCTTGGCTGAC	1
TCTTGCCATTAGAACCTGCACTGCTTCCTGGGAAGCGAGTGTATCCCTGAAGTACTTAGC	1
CATACCTCCCGGGCTCGGACGTAAGTGTATCCGGAAGGAGTGCAGCTCTATGGCCATTCT	1
NNRHNVBYYSMRDKNYNBSSWHNNWWHNKNBDKYBKSSMNYRRVHDNYBYWKHDKMHDSN	1
CTCTGTAGGCTCCCATGATCGGTGAGGCGGTCCGCGTTATAGTGATTCGACTTATACTCG	1
CTAGGCCGGCTCGAAAGGGTCTGATCATGCTGGTGTTTTGTTCGAATGTGGCTGTCTGGG	1
CCGACCGAATCGGACCGACTGGCCCGCTCTCTACCCGTCCTGGGCCTCTAATACGGCGCT	1
ATCGATCGTCATGAGTAAAGAGTTTGTGGCGCGAGCCCCCGAAAGTGATTCAAACGAACC	1
TACCGTCACCTATATATTTAGTAGTCTCCGAGTGTTGAGGGTGAAGGGGCACCGTTTCAG	1
TGATTCTTGCATGGAGAGCGAAAGAATACAGGTTGCTCTCGTGGTCGGAATTCCTCTCCC	1
GACGAACTAAAAACCCCTCCTATCGGGCCATGTGCACTGGGGTTATAGCGCCCGAAGTGC	1
AATCCTGGGAGACTTTTAGGTCGGTCCAGAGAATACTGCCCGTACTCTCACTTTGTTGAA	1
ATCATTCAAACGAAGTTACACGGCCGGGCAACCCAGAATGGTGCGATCCTAGCGCGTGAC	1
CTGCTGGCTACCGCGCTGTGCCGACTGATATTAAGGGAGTCTACGATACAGGGGCATGTT	1
CCTAAGATGAGAAGTGTGCCACTAAGGCAGGTCACAACCGCCCGTGTGTCGTTGGACTGG	1
CCTTCGCAAATTACGATTATATCCCCGCCCCCTGCCGCGTGCTCTCTAGCTAAGGGCTCA	1
GGATCCTTGCCCTTAGATTGCTGGCCCACAAAGAGTCTTTGCTATTTTTGTCTCCGCTAA	1
ATGCTAATACAGCCGGGTCGCGTCGTTACGGGGGTCGCATCGTCATCCAGTCCACCGAAG	1
GCAAGTACCAAGCGCGCGTAGTATCGCTGTTAGTCCATCTAGCCAAGCACCAGAGCGCTA	1
ACGAGAACCTGTGACGAATCAGAGATGGAACCCACGCCCCTGGACTTCTTGGATTCTTAC	1
GCCAGCACAGCGTGACAGTAGAAAGGAGGTCCTTGCCCTGCCCTCGCGGGTCTCAGTTCA	1
CGTTTAGACCAGGAACTCCCTGAAACATTGGTAGAATTGTGTACGCTAGGGAATGTGAGA	1
GATCGCCACATGTAAAGGGTACACCACGCACGGGATTCCGCCCGGAACATCTGCGGGAGA	1
AGCTCCCCATCGTGTATAAGAGTCGGTGAACGAAGGAGGTAGATATTTGACTTAAAAGGA	1
GTTAGCTTCGGGAAGCTTTATGTTTGTGGTATTGAACTCCGTGTACGTTGAGGTTGTAAA	1
AGTTGCTCATAAGCATAGACCCCCGAAAACATCGGTCGGTGTGTGCGGAAATCAGAAGCG	1
CAAGCGGGATGCATGAGAGATTCCGGCTGTGTATATATAAAACTAATAAGGAGTTACCTA	1
TGGTGCCCTAGGTCAATAGCGGGTGAGCTCTCAACCACGGCTGTTCTGCAGCCGCATAAT	1
TGGCACCGCGCGAAGAAAACCATAAAAGTTCCCTGCGTCAAGCCGGGACTCACTACTCCT	1
GTCGCGATGCAGAAAGCGCTATCGCTTTATCACACACGGCAGCAGAGAGTCACTTGTGTA	1
AGAGCTATGGTTGATTTGATGAGTGCGAGTGGGTAGGTCGCTAAAAATCCGTCACCCATT	1
GTCTATCCATGTGGTTACTGCTTTACGTTTACACTGGATTTACGGTGTCTTGTCGGAATT	1
CGCCACGGATGAGCTTGAGTGCCTCGGCTGTTTATAGAAGGCCTCATGTACCGAAAGCTA	1
ACAATTACTGGTAATCTACTAGTCTCTCCCTAACTACACATCTAGTCACAGCTGTGTTGG	1
TCAAGGCATAGTTCGGACGCAAACCAATAAATAGTTCACCCTGCTGGTGATAACCGCATG	1
ACGAATTTCGTTAGAGGGTGATTAGGCCTCGGTTCGTATACAGGCCTGGAATCGGCCGGC	1
GGACCCCAATGGAAGTGCCAGTGAACCTACGGTCACTCATGTAGGGCTCAGAGCGAATCC	1
CGAGGCAGACCCAGCGTAGCGGCGGCTACATCATATACCCGGGTCCAAGTGTGGTAATCG	1
GAAACGTGCCAACCTTATTAATATCTAAGGCAGAAGCCAGGAGAGCAAATGGAGTTGAGT	1
NVNSBRBVKRRDRBSKWRKWVKNVRNWKDDMHWKHKHWYMDMWWYNMSWRWHSRHRYHWN	1
CACCTCCGCACCTAACTTGCCGCTTACATCGAAATGGTTTGAGGTGTGTGCCACGGAACT	1
ACCGGCTCGGCTTAACAAAAACCAGCGTACTTTAGTTAATGATTCGTCCAATCCAGTGAA	1
GCGGCGCCAAGATTGCTCGTGCGTATGGCGGTCATCCCTATATCCGCAAGGATCCTCTCA	1
AATAGTCTAACCGTGATGCATAGCGCTGTATCCCACCGGTTGCATGCCCCCCGTGGGCGC	1
TAGTACCTGGGTCGCCAACTCACATGTGCGGCCATGGGCTAGAAGTTCGTAGGCTGATAC	1
TTTGGGTTCTGCCATACTTTCTGTGCGTTTGCCCGATGCGTGACTCCAACGTCTAATAAA	1
CCACTTGGTTCCAATGCCGGCCCGCAGCTGAGAGGACCCTCGGGCAGGGACGAAATTGCG	1
TCCCTGTGACTGTTAGGTCGGCGCTGGTGACGATCTTGGTCGAGATGGTATAGGGAATGC	1
GAACTCCTGCTGGATAAGAAGACGGTGACATTCATGGATGCGTTGCACTTTATACTTTTA	1
CCCGGGAGTGCCGTATCCGCGAGCTAAAACGTACCGTTAGATATATAAACAAAAGTGGAA	1
TGCAGCGAGCCGTAGCTTTCCACCTCGCCTGGCTCAGAATCAGTTAATGCGCGAACCACG	1
CTTGCAACGCTGCCCAAATTAGCACAACCAATCACTGAAAACCGCTAGTCGCTAGTTCAG	1
ATTGGAGGTTCTGGTATGGGTGGCACGCTGGAAAGAGCGATGCAACCACAGCTGAGGATA	1
ACCCCTCCCTATTCTACCTCCGTCTTTACTGTTGTGGTGTCGTGCGTAGACAATCGTTGG	1
ACTTTCAGTCATCAGTCCTAGAGAGTACTTCGCTCGGAAGTGACACTGCGTACAGCCAGT	1
ATTGGCATCCGTCTCGAAAAATGCCTGCGAAGAATGTATGGCCGAGCTGATACGAAACAA	1
NVKMVBDYVNKNMRWNYSNYYNKMYNRWRNBWVWSWYYWMRDDDRSHKSBRWNNDNRVDB	1
GCCGGCCTGTCATGAGTTGGTGGATGGGTGAATTTGTCCGCCGAGCTTCAGAAATCGTCT	1
TGATCAACTCAAGTTCGTAGTTGCTACATAGCTCGCAAGTATGATATTGATATACTCAAA	1
MNDNSNWRDKMDMKHMMBDHMVDSSSYKBHHNKDHHRNYVNNBRVBVHVMHVVWSDBKDM	1
TAACGTGCTCTATGATTTTTGTAGGGCTTTAGGGGTGTCTAGCCAGGAAGTAGCCTGGCT	1
GAACGAAGTCGTACAGGTTAAAGAAGTAGCGAGAGACAACTAGGTTTGATTTTACACCTT	1
GATCGAAATTCCGGACTAGCGGCGACCCGCCGCTACAGGACCAACTGCGCCGATCTTCTC	1
GTTGATAGCATTATTGGGCTGGTCCCAAATGCAGGTTGCAGGGATCTCTCATAGAGCTCC	1
TGGGTGAAAATGTGACAAGCCCCTAAGCCCCTCTTAGAGGGAGATTTCTCGAGTAGGCTA	1
ACGAATCTCCTCCAGTTTTTCGATGATTAACCTGTGAGATTAAAAGAACACTGGAGGCAA	1
ATCCTAGTTTTCACTAACAAGGTCTCGGGCGTCGAAAAGTCGTAGCAGATTGTTGCTAGT	1
GGTTGGGATGCCCTAGGGGGGTCTACATGTCTTTCAGGCAACGTATATAATCGGGGTGTA	1
ATATGCTAACCGGCAGTAGAGCTGCCCCTTGGCACAAATTCCTCTCCGGTTGTAGGAACG	1
CTGCTGTCAGGCGTGGGTTGCACACTCGTAACCTAAGATCCCAAGTTCGGGGTAAGTGCA	1
ACCTTGTGCGAGGGTAAAGGGTCCGAATTATGCCTTGTGTACAACAGTCAAACGGCTATC	1
AAACTTCCTAAATTGATGTCATGAGTATATCGAGTGACGTGTGAAGTTCGAGGTACCAGG	1
CGTGGCCTCGTTTGCTCCGCGAATAACGAGGGCGTAGACCCCTGACCGTAATTCGCCTGG	1
GTGTTGCCGGCCATCAAGGCGAAGAGACAGAGCCTTGGCCGTAAGGAGTGTCATTTATAA	1
AAGGTCAGTCTCCCCGCAGTCCCGTGTGTCTTGCTGTCTGACCAGGCGGCCTCTAGACGG	1
GTATTTATTGTTAGTCAGAACCCACATCCATTGATGTTTAAGGCTTGGGATAAGGTCTGC	1
TTTTCGGTGATTCACACGTCCCAATAGCCATCATAACAGTTGGTCCAATCAATCGCCTGC	1
TCGAGTCAATCCAGCGTGGCCTGCGGTCGTTGGCGACACACTTTATCCGGCACTCTCTAT	1
GAATTTTTGGCCATTAAAGATCACATGCACCCAAGTTAGAAGACCAGATTGTACTCGGTC	1
GTTGCCCGATTCCACTTAGCCCTGTAGAGCATCTAGCATCAGGTAGAGATGATAACGCCA	1
TCCACAAAAACAGACTGAGGCAGAGGTATGTCTCATCTCGTTACAGTCATGCTCCTGCCC	1
TTCTGATACAGTCGGACGTTCACTAGGATGTACTGTTAAGTGGCAATGAGGGGCCCAACA	1
ATTGACCTTTTCCCGAGCGGCAACGGGATTGACCCAATGATCAGGCGTCTCTGGCTGTAG	1
CCGGTCTCCACAAGAGATGTTTACGAAAGAGGCGTCGCACCAAAAATGAGGTCGATAAGG	1
TATGTGTGTTCGGTGCCTAGGGCAGTGCATCAGCTAAGGCTTGGTACGCTTGGTGGAATT	1
GAATGCGACGCGACGTCAACTTTCTGTCAGTGCAGAGGACCTCCGGAGATCGGAAGTAAT	1
TTGCGCATGGCTTACGCTGATTCCCGTGGGACTCTTGATCCCAATAGAATTCCTCATGAT	1
GTCGCGCAAAAGCCGGAATAAAAGTTTACACCCCCCCGCTACCGGACATAAGCATGAGAA	1
SSYVKHNRDNNDWSBRVMVBHSKKDRSHDBRYYYMBNMSNYWBHDRDYBVNKMKBHDVSM	1
ACGACTGACGCTATGTCGAACACACGTGGACGGATCGCAAGTAACCGTATGGCTTGCGCA	1
CTCCATCAACTTCCTCAGACCCTCTACTGTTACGCTCATGGCGGTATTGCGAACCCCTAC	1
GAGGTGCTCGATAGCAAAGACATTTGGAGTCTCGTGTTATCTTGGTATGTAGTGCGAGCA	1
ACTATTCTGCTTCGTTTCTGAACCATGGTGCGGTAGATCCCTGTATAGTGGAGCGATGGT	1
ACGCCCAGGTCGTGGCACTACCTGACGCATGCACAAATTGCTTAGGATCCCTCACAACCT	1
GACACGTCTTTATAAGGTCCTATGTACAGTCCAGGGGATTACGATATATCTTGTAGTAGT	1
GCTGATTTGTTCTGGCGCCACTTAGAATAAAATGACACAGCGCTAACAGTTGAGCTGAAA	1
ATAAGGATGCTGCGCCGCAGCGCTTGTATGCCATATGAAACCACCCAGGACCTAAACGTT	1
ATACCCATCACAGCCTTGCGCTTACTCTTTTAACCTTGCTATGGATTTGGAACTAGTCGC	1
TCTAACGGTACTTCGGAAAAGTGAACTAACCCTAGTCGGTAACGCTCTTAAAACCCATGG	1
TGGTGTGGCCAATCTTTGTCGCTCCAAATACACATAAGGGCCCATAGGTGGTGCCGGGGT	1
CCGCAGTAGTGGTTATTCGCAGTGATGTAGGCTAACTACTGAAACAGTTGGTCCTAATAA	1
GATTTCCATTTAGAGTGCACATGCCATGCCTTGGCTTACGATGGATCCGCGATCAAACCT	1
GGTATCAAAAATACATAAAAATTCGCTGGACTTACTCAGATGTTACGTACTGCGTAATTT	1
GCTCCCATTAGCTTGGCGGTACACTCGCAGAAGCATTATGAACACAACGCTGTTAGGCGT	1
CTGTGTAATCGGTGAACATGTTACAGTCAAGGTATATAGCCTAACCGACGGCTGTGACTT	1
GCTCACGCTCACTAATTAGGACGCGATCCTATCCCGTGCACGAAGGGACGCAGGTTCAGC	1
CATCGCAAAGAGACGTCCTTACTAAAGCGCTTTGCGGTGCCACCGTATAATAATGTGAAC	1
CCAACCAACACGTAGTGCCATGCGCAATAGTAATGTGAAACTAACCTGCGAGCTCTCCCA	1
GGCAGTTGATAAGAATAGCACCCTAGTTGGTATCTGAAATCCGAGATAAATACCGTGAAA	1
AGGCCACTCCAACCCGAATACGTGTTCCGTTCTGTCAGCTCTTTGGGGTGAGGAGCGACT	1
AATACGCAGAAACAACTCTCGGTAACCTCTAACCATGGCGAGTCCACGGGACCCTGACCT	1
TGGATCCGCATCCGAAATAATGAGGTACAGTGGCCGCTAATCCCCTCACCGCTTGTCGCG	1
GCCCCCCCATATTAGTGGCTTCTCGTTACTATGTGGCCACACAACGAACAAAATATCATG	1
ACCATACTTCTCTATCCGAGGCACAGCGAGCACAAATACGAAATGTCTGTAGACTGGCGC	1
TGATAGGCGTGAGGGCATGGTCCTAGCCATTCACCGGACGTCTGCAGGGATTTGGAATTA	1
GATCCAGTTTCGCAAAACAATACTCTGCATAACATAATGTTTTAGAGGCCTGATCAAGTA	1
ATGGACTAGTTACCCAAGCATAGGCTCAGTTCCCGTAACCAGCAACCAACTGCTTGAAGG	1
CTCCGTACTACACCACAATTCATATGTGCAGCGGTATATATTTTTACACTTCAACTGAGT	1
ATGGACACGGGCGTACACGCGATCACCGCCAATCCAGCCCGGAATGCATGCGGCAATGAG	1
CGGTCGTATATACGCTGAGGAAAACAACATCCATGGCAGCTCAGATCCAGTGCAGGATAT	1
CGACTCGCCAGCTATCGCATCCCCGCCGGCTGATATCCCGCGCGTGTCTTGGTGCTCAGA	1
CGTCCGAGCGTCACAGTAGAATCGCGCAACGCTCAGGAATTGAGCTGTACACTTATGAGC	1
KDMMWBHDMYDYNRNSHWSDRRNWYNNRRNMMYVKRKHHNRKVKKBDSMVHVVNHVKWVM	1
CAGGTTAGGGCACTGGGTGCTTAACTGCTATCTAATTTCACAGCCAACAGCCGCTATTGC	1
GTTGCCCCAGTTGACATGCTTGCGAATTGCGCGATAGACGTCTCCCTTGCTTTCAGCGAC	1
TAAGTTTACGTCAAGCCGGAGTCTAATTGATCCGGGACGTGTTGTAATCCAGTCAATCAA	1
GTGCTGTCGCCCACTGTTTAGTTGACCGCTCAGCTTAAATCCCACGGCTCCCCGCACAAA	1
GTTGAGTTGTGAAGATGGACGAATGATTCCGCGCGCGGAACGATGCTGAGGCCACAACGG	1
AGGCTTATTGTGTGGCCCCTAGAACTTTACCAATTCCAACTTTTCCACGGTCAAGAATCT	1
CCACACGGTTTACTTCCGGGCAACCTGTCGTTTATCAGCATAAGTACTGTCGGGTTATGG	1
GGACCGTTCAATTGGCTTATCCGCTTTAAAAGCACGGCCTGATTTTTACTCAGGTCCTCC	1
CGGTTTCGTAGTGGCTTAGCCCTACCCAACCCCGTTCAGTTAACCTCACGGCATTTTAGG	1
TGGGATAGTTCAGACTATGGTTCAAGAATTTTGTATACGCATAAGTCGAACTCGTTTTCC	1
CAAACAGGGACTCTGGGAGTCCGCGGTTCTATCTGAATTATAGCCAGGGGTATAGTGTGC	1
GGGACGGACTTCACCTATGGTAAGACCCCTGCATTTCAGTGGTAACTCGGGCACACATGT	1
GTTCGACCAATAAGCTTCCTGTAAGGGGCGCGGGCGCTCCCACTTTTGTACACGTTTGCG	1
NNHSMNYBNKNSNHNNVWRWMNDHMMKBKBNRMKMRNHMSSMBVDVHYHWNDDRHYNNDR	1
GTCCTGAAGACATGTCAATAGTTTTGACCCAAACTGTAACCAACCAGCGTCACAGTCATG	1
AAGTTGGATTAGTGATGTGTCACCGAGGGAGATTATCGCTCCTATGGGTTTGTTTACGAC	1
TTGATGTCACGCAGTATCCGACTACTCAGACACAGGCCTTAGGAATTTTTGATTCACGAT	1
GCGACACTGAGGGGGTACGCCCGGGTGTTGTAGAAGGTGCGATACTATCAAGACTTAAAA	1
TGCAGTCTTAGTTTAATTTGAGCATCCTCCGTGGAGCTCGACGCCTAGAGTCCATGACAA	1
ATAGGGCACTGGGAATCGAGCCAGGAGGGATCAGTATACCTAAACCGGACCCCTCCGTCC	1
ATTAGTCGTCTGGTGGTCTAACGAAACCAACGCCTATGCGATTGTTGGATGTAAATGCTC	1
TCGAGCTTAATAAGGTCCTGTAGCGAGCTGGTAAGCCAAGAGATTTGGCAAAGCCTCCTC	1
TACGAAAATATTGGAAGAACGTCCTGTTATAGCGAGCTGCCCTAGCCTAGGCCATTCGGT	1
TGGCTATATGACCCATAACCGGGCCTTGGACCTTAGCGGTGCTATCATAAGATTTAAACA	1
TACTCGCTCATATTGATCCTTAGCGTGCCCGTGATGAGGGCCACCACTCTCGCTGACGTA	1
TAGGGTCGTCCAGGCGGGCTGACAAATTAAGCGGGTGGCCGAGGAGTTAGAAGCCTCCCG	1
TCAGAGAATGACAGGGGGGATGGTGGTACCTAGGCAGTTTGCCCTCTTTTTGACCAGCTA	1
ACCAAGCGAGGTCTCAATGCTGACCACGGGCTTTTTGGCTTGCCGAAACTTAATAAATTT	1
SWNKVNSWNYNRBHYYVSBYBYSSSRRSYSNWHNVNNWVWKWNYDSDHVHYMVDVSVRYK	1
GATGTGTTTAGCATCCCAGGGGAAGCTGAGTAGCCCTGAGACCGTGTAGATGAGTTCGAG	1
AACGTTTTTCGATATGGGTTTGAGGAAGAGTGGAAACTACTCTGCCCAGGGCCCCGTCCG	1
GACAAAATTGCTGGCCAAGCATCTCCAGCAGGGGAACTCAGCCAGAATGCGATTCGCGTT	1
GTGGTTAAGGCCCGCCCCAGCCGCGAGACTGTCTGTGTGCGTCACAAAGCTAATCAAGAC	1
AGCATCATCCACGACTTCGCTTATGTCAAATTGCGTAAACACCGCGATGTTTCGGATGTT	1
TGAACTCGACTAAGAAGAGGCCCTTTTTCCCATTCCTCTGAGTCTCACCCTTTATGGCAA	1
CCGTCACCCTCCATCAATAATCAAGAGGCCTAGGGGAACATGAATAAGATAGCGCCGCTC	1
CTACAAAAGTCTACTCTCTCCTTCCACATTCTTACGGTAGATGTATACACCTCAGGTGAA	1
CAGGTCTCCACACGCCCTTAGCTAAAAAGCTGATTTACGGACGCGTTCTTTACCGGGAAC	1
GGACTGCAACTTGTATAATTAAGAAGTGAGAACCTGCGCTTGGTTGGCAGATCTTACGAT	1
CCCCGCCATCAGACCTAGCGCTTGGAACATCCACCACCGAATGTCGTCAGGCACCTGGTA	1
GATACGCGAAAGCCCCCTGTTCGGCGGTTTGCCTACCGGTAGGGCGGGTTATTCATAGTC	1
GACGCGATACCACCTCCAACGACTCGCCTCCAGGTGAATGATTACCCTGAGAAACTGAAT	1
ACTCACACCCCATACAAGCCCATTTTAACGATTATAATTCTACATGGCGCAATGCGCGTG	1
GGCTCACCGTGATCGACAGGATGCGCCGTCGACAGAGAAGCTTTTTTGAGCGGAACGTAG	1
AAGTAGACAAAGCACTCCCGTAATTTGCAGGTCGATCGGACCGTGACGTCGTCCCTGACT	1
TTCACCCCTGTCAGAGGCGTTTGTTCGAGGAGAACCCGACTCTGCACATTCAGGTGAACA	1
GCCACTTCAGGGACGGTTGATCGATTCGCCTACACGCCATTTCCGTAGGATTCTTACCAC	1
AGTATTCTACCGCTCTAGAAGTAGTCAGCCATAGTAGCAAACAGATCGATGCAGCGGACC	1
TTTTTCAGTAGTTATTCGCTATTACGCGAGCTCCCATGTTCCGACTTCATAGAAATCGTG	1
CAGCAGTGAATTTTGCATTGGCACGAGACACGGATTACCCCGAAAGGCGTTAGCCTCACA	1
TACGGGAATCTTATAGTTGCGCCAGAGCGAGTCCTAATTATACACCGTATACTGGAGGTC	1
TAATATGAGAGCGTATCTTGTGACCTAACACATGCAGGAGTAGTCTCTTGTCAGATGAAA	1
GGAACGGCTATGTCCAGCCCCTATCCAACGATTAGCGTTCCACATCTGACAGCGCTCCGG	1
GCCGGCTTTTTGGGGAACTTGGAGTACTGTATCCGCAGGGTAACTACTGGAAGATTACAT	1
TGATATCCCTATCAAGACAGTGCCTAATTCACCCGGGCACCCTCCTAGCCAAGCTTGTGA	1
GGTTTGGCTTTGTGCAGACGGTATATTGGCCAATCGGATCCGCAATGTCACACGCAAGCG	1
GTTAGTGGCCTCGTGCCCGATATCGTGTACGCCTTTCGTCGGTTCTGGCAGGCGGATCGC	1
GTCTCTTACACGTGGCGAATGGCGAAAAGGGCTCAACCCCCAAGATTTCACTAGTGATTT	1
GGATGCCTGCCCACTACAAATATATAGTTCTTAGCGAACAGCCAGCTTATCGAGGACAAT	1
GTCTGTACTGGTACAACTAGATAATGATTATGCCATGTTGTCCCGTTCTCGACTTTTTAC	1
GGCTGGTCGTGCGAATAGGACAGAGCTATTTTGAAAGTACAAGAACGCCAGCCCTGGGAT	1
ATCTTCTCAGACCTCGATAGGACGATAACCGTGTTGTTTGAAGGGTCGTTCGCAAGGCCA	1
AAAGACCGGTCGTAGCGTTTGTTTTGATAACATCCAGCGAACCTAATTACCGCGTAACGC	1
AATTCTCTTCTGTGTCGGTACTTTTAATGAAGACTGAGAACGGGTGAACTCCTGCAGGGT	1
GTGCCTCTTGAAACATAATTATTAGTGTCTTGATCAGCTCCCGCTTTGCATAACAGTGTC	1
CCTGTAGATATTAAAATCCCTAGGAAGCCGGGCCTGTCTTTGGCTTGCGGCGTGCTTCGT	1
ATCATTATGGGTATCGCGGATTGCGTTCCCATAATATAAGCTTGCTCCTATCCCGATAGG	1
TCAGGCCCACCTCCAGCGTAGCTCATTGATGGTCCTAAAGGTGCGTCATTATGGGGGTGG	1
CTATGGGACCGGAGGGCCAACCTACCCTTCTAGATTTTGAAATGAATATCGCTTTCATAT	1
CCCAGAACTGGGTCACTTTGTGTCATAGGTGCATTTACTCCCCACCGATGAAGTGAGGTA	1
GCTAGGTGTATTAACCCTCTAAGTAATTACAAGCACCTTGGGAGACTTGCGGCTACGCCT	1
TATGGGATCCACCATGAAACTCTCGTGTCCCCTGGTTTGTAGGGGTCCCCAAATTGTGTA	1
AGCGGCTCAAGGAAATGGTTGTCCGATGCCCCATGGTGCTATACTGGAGGAAGAGCCGCA	1
AGCTGGGCTGGAGGTGGTGGTACGGAGCCAGTTGCGGATATTCGGTGTATTGGGTTGATG	1
TAATTGCTTTTGTCATGTCATAATGGAATTCTTGAATCAGTACAAAATTAAAGTGCAAAG	1
GTTGTTCGCATTCCGATCTCGGAAAGAGAATTGTCATAAGCGCAGGAGTCTCAAAGACAA	1
AGTTCAGGGTATGGGGCGTGCGTTTAGAGTGCGTTTAGGGACTCCGTTGTTTTTGTAGGA	1
CGAAAATGGCGAGTGTCGGAGTACTCCTAATCAGTAAACAGTGACATCTCACATCCGCTT	1
AAGCAATCGCGGTCCTAGACATCTGAGCGGGCACGGCCTTACCACCGCTTCCCAGAGTAG	1
AGGCTGATGCCACATTTCAGCCTCTCACCAACTCATGTGAAAGCTCGTCACAGCAGAAAC	1
CACATTTAATAATAGGAAGTAGGGTATCCCCACTTTAGCACGACATGACCAGAGACGAGT	1
AGAGTGGATAGCCACCGCATGTCGTTCCGAGGTCTTTAAAGCCTCGTTTTCCGTTAAGAA	1
ACGCAGACTAGATACGTCGTACGTAGGTGGACTTTTTGACGGCCCTAAACAGGATGTGAC	1
NDDYMKHMNYSNSBMBBKNKWNNHHMNKDSDWRHYHRWNKMHNYWNWDKWHHMWDRSHVH	1
AATCTCGAGGGTGGGCTCGCTGAAAAGATCACTACCCCTTAGTAGGCCAGGCCTACGTAC	1
TACACGCTCATGACCTTAGGTGATCACTCCTATCACCCTATGCCCTCTGCTGACTGCCTA	1
CGTTAGACGTCCTTCGTAACAAGCGACCTGTCTAAAAATTCGCGCCTAGGACTCAGTTTC	1
ACAAAGGGGATCCAGACATCAGGACAGCACCGGTGGCCATGATAGAATCCTAAAATCGAA	1
GGTAGCGATCCGAACAGTCGCCCGGGGCCTCTATGGTAATTCGTTAGTAGAACGCGACGT	1
TTTAATTCTTGACCCGGGTCCCGGGGCTATTATGCCAATGGTGTATGACGTGTTAGCATA	1
ATACTTGACTGATCGTGTCACTTAGGTTTCATCTTTGTTAAAACAGAGCCTTTGAGCTGC	1
TGGTCATCGGACCCTTTTCTCGTAAGGCCCTGGAGGAAACCAGTCAGCATAAACTAGTTG	1
SMVDNBNNNWNRWMNNKHBNRHNHKNHNHMYHWRBNNDRRRNBNMNDNBWNNNNSNVNWN	1
CATTCACATCCTGCTTTATTTGTGTCAGCCCGAGTCCTCAGACGATCGAACGGAACGTTC	1
AGCTCGAATAGTTTCTTCTCATCGTGCTCTCTGTTTGAGCACGGCTTAACTGAGGAGCCA	1
CTGGATGCAACAGACATCGCTTTGGCAGGCTGACGAACCTTCGATCGGGTTAAGTACTCT	1
AGGTGCACGTATAGACCCTCTCTACTAAACCCAGCGCGGTCATAGACGTAAAGGCTCTCA	1
AGCGAAAGTTAATTGGTCTTAGGGCAGTCCATGACTCTGGTATTCTCAGTCCTATAAGAT	1
CTCATACCACTTCGAGCCAGGAGGCAGGATCCCTTCCGGATATGATGCGGTTGAATAGAA	1
CCCTCATTTGGGAATGTGTGCTTGCATAGACGGCTAGTTCGTAGATCTCCTATATGGTAG	1
